"last_name, first_name","player_id","year","woba","xwoba","n_ff_formatted","ff_avg_speed","ff_avg_spin","ff_avg_break_x","ff_avg_break_z","ff_avg_break","n_sl_formatted","sl_avg_speed","sl_avg_spin","sl_avg_break_x","sl_avg_break_z","sl_avg_break","n_ch_formatted","ch_avg_speed","ch_avg_spin","ch_avg_break_x","ch_avg_break_z","ch_avg_break","n_cu_formatted","cu_avg_speed","cu_avg_spin","cu_avg_break_x","cu_avg_break_z","cu_avg_break","n_si_formatted","si_avg_speed","si_avg_spin","si_avg_break_x","si_avg_break_z","si_avg_break","n_fc_formatted","fc_avg_speed","fc_avg_spin","fc_avg_break_x","fc_avg_break_z","fc_avg_break","n_fs_formatted","fs_avg_speed","fs_avg_spin","fs_avg_break_x","fs_avg_break_z","fs_avg_break","n_st_formatted","st_avg_speed","st_avg_spin","st_avg_break_x","st_avg_break_z","st_avg_break"
"Wainwright, Adam","425794","2021",".273",".302","9.4","89","2228","-1.9","-19.7","14.9",,,,,,,"6.4","82.7","1715","-13.8","-32.1","16","34.1","73.4","2835","16.6","-66.5","22.2","28.1","89.1","2229","-12.7","-22.2","17.8","22","84.9","2408","6.4","-31.1","9.4",,,,,,,,,,,,
"Greinke, Zack","425844","2021",".309",".319","40","88.9","2234","-1.3","-18","16.7","15.2","83.6","2357","7.9","-36","9","22.3","86.4","1594","-12.8","-32.1","13.7","16.7","71.1","2358","11.3","-65.1","15.7","5.7","89.5","2156","-13","-23.1","17.2","0.1","85.2","2097","5.6","-27.5","12.3",,,,,,,,,,,,
"Hill, Rich","448179","2021",".313",".323","47.1","88.1","2339","9.2","-16.1","21.5","0.5","76.5","2384","-8.2","-48.6","8.8","3","80.9","1672","13.6","-31","17.8","37.8","71.7","2713","-19.5","-66.7","23.2","2.4","84.8","2215","16.8","-30.2","19.2","2.8","83.7","2426","-1.7","-28.9","10.9",,,,,,,"6.5","69.1","2610","-23.5","-57.7","23.7"
"Morton, Charlie","450203","2021",".264",".282","36","95.5","2340","-13","-17.5","18.2",,,,,,,"5.3","86.4","2100","-18","-33.8","18.4","36.7","80.6","3053","16.6","-52.5","19.5","13.5","94.6","2116","-17.4","-24.7","18.4","8.5","87.5","2425","2.5","-31.8","5.3",,,,,,,,,,,,
"Lester, Jon","452657","2021",".352",".343","31.1","88.7","2172","5","-20","15.7",,,,,,,"18.2","81.3","1737","10.9","-34.4","13","8.4","72.6","2437","-10.3","-57.8","11.9","16.7","87.6","2042","12.3","-29.1","13.9","25.6","86.4","2305","-1.8","-25.8","10.9",,,,,,,,,,,,
"Scherzer, Max","453286","2021",".248",".263","46.7","94.3","2436","-10.6","-14.8","19.3","19.2","85.9","2273","2.9","-32.5","5.8","14.9","85","1446","-15.2","-33.9","15.9","9.8","76.9","2661","13.4","-54.4","15.8",,,,,,,"9.4","90.2","2469","-0.9","-24.6","9.3",,,,,,,,,,,,
"Happ, J.A.","457918","2021",".361",".356","53.9","91","2298","7.9","-16.1","18.8","15.1","83","2225","-2.5","-36.1","5.2","12.1","86.1","1657","13.9","-28","16.9","1.3","76.2","2231","-4.7","-52.1","7.3","17.6","89.1","2079","13.8","-26.1","16.2",,,,,,,,,,,,,,,,,,
"Lynn, Lance","458681","2021",".264",".256","42","94","2407","-6","-16","16.2",,,,,,,"4.6","87.2","1776","-13.5","-29.4","15.3","3","82.1","2473","6.5","-45","9","19.4","92.4","2228","-12.9","-25.7","14.5","31","88.7","2538","2.7","-29.8","6.3",,,,,,,,,,,,
"Miley, Wade","489119","2021",".317",".311","16.3","89.9","2239","2.8","-17.1","17","5.2","79.2","2310","-11.7","-39.9","12.8","27.3","81.9","1807","14.8","-33.9","16.4","3.5","74.7","2384","-10.5","-57.7","14.4","1.2","88.7","2025","13.7","-22.5","18.7","46.6","85.4","2276","-4","-30.4","8.2",,,,,,,,,,,,
"Minor, Mike","501985","2021",".321",".320","42.8","90.9","2544","1.9","-18.2","15","21.9","85.6","2723","-5.3","-35.1","6.2","19.6","85.2","2237","16.8","-26.1","20.5","15.7","80.4","2493","-7","-54.7","14.2",,,,,,,,,,,,,,,,,,,,,,,,
"Gibson, Kyle","502043","2021",".293",".302","12.7","92.8","2292","-5.6","-15.5","17.4","16","83.5","2513","5.6","-40.2","6.3","13.3","84.8","1641","-14.5","-33.9","15.2","9.1","79.4","2435","7.2","-51.7","11.2","34","92.3","2136","-14.9","-24.5","16.9","14.9","89.5","2367","1.7","-26.1","8.5",,,,,,,,,,,,
"Darvish, Yu","506433","2021",".301",".282","22.1","94.5","2513","-6.3","-11.8","20.1","31","86.2","2792","5.2","-35.6","5.9",,,,,,,"8.5","75.3","2714","9.3","-63.1","17","8.3","94","2402","-13.5","-18.3","19.4","2.5","91.3","2664","1.5","-19.8","13.2","4.9","88.8","1455","-7.5","-27.9","11","22.8","81.6","2759","16.3","-43.1","16.6"
"Bumgarner, Madison","518516","2021",".315",".319","33.1","90.4","2314","8.5","-18.2","17.7",,,,,,,"7.8","83.8","1434","12.8","-32","14.9","21.7","77.8","2462","-10.1","-48.4","10.8","3.2","89.8","2045","14","-22.4","18.4","34.2","86","2407","-2.9","-28.9","8.9",,,,,,,,,,,,
"Harvey, Matt","518774","2021",".355",".351","34.1","93.4","2157","-12.3","-17","19.2","19.3","86.9","2370","1.6","-29.8","7","11.9","85.3","1697","-14.5","-26.4","18.7","14","79.9","2489","11.9","-49.8","14.3","20.7","92.9","2135","-16.2","-19.2","20.7",,,,,,,,,,,,,,,,,,
"Kelly, Merrill","518876","2021",".319",".324","32","91.7","2359","-7.2","-16.8","17.4",,,,,,,"17.4","87.2","1969","-15.3","-30.3","16.6","18.1","81.3","2564","9.1","-51.3","13.6","18.4","91.6","2242","-15.3","-23.9","17.8","14.1","90.8","2321","-1.7","-20.2","13.1",,,,,,,,,,,,
"Pérez, Martín","527048","2021",".358",".355","13.1","93.4","2107","11","-15.8","19.2",,,,,,,"24.3","84.8","1696","14.7","-28.5","17.7","8.4","78.7","2459","-5","-49.3","7.6","25.3","92.8","2017","16.8","-21.4","19.9","28.9","89.6","2226","0.5","-22.9","11.3",,,,,,,,,,,,
"Anderson, Tyler","542881","2021",".319",".315","37.3","90.6","2291","9.1","-15.2","20.5","0.9","80","2458","-3.2","-38.5","5.7","24.6","80.9","1835","12.9","-28.2","19","0.7","73.7","2426","-5.9","-56.1","9.6","10.3","88.9","2260","18.3","-27.8","20.2","26.2","85.2","2489","-2.1","-27.5","10.4",,,,,,,,,,,,
"Cole, Gerrit","543037","2021",".276",".274","47.1","97.7","2452","-12","-10.9","21.7","22.2","88.4","2600","5.3","-34.4","6","14.2","89.8","1719","-15.8","-24","18.9","15.7","83.4","2800","10.5","-51.6","16.1","0.8","97.7","2375","-16.8","-14.3","22.3",,,,,,,,,,,,,,,,,,
"DeSclafani, Anthony","543101","2021",".276",".304","27.1","94.1","2265","-9.6","-14.6","19","35.7","87.9","2198","4.1","-30.5","6.8","10.5","88.2","1583","-15.7","-30.1","16.6","8.1","83","1964","6.3","-46","9.1","18.6","94","2092","-15.6","-19.7","19.2",,,,,,,,,,,,,,,,,,
"Eovaldi, Nathan","543135","2021",".298",".283","42.3","96.8","2113","-12.2","-14.9","18.9","13.8","85.8","2156","6","-35.1","6.8",,,,,,,"18.8","78.5","2086","9.9","-55","14.6",,,,,,,"12.5","92.5","2281","0.5","-20.3","11.8","12.7","87.9","1536","-11","-33.6","11.4",,,,,,
"Gray, Sonny","543243","2021",".300",".279","23.8","92.3","2423","-1.8","-16.6","15.6","4.8","83.6","2597","5.6","-42.7","7.1","3.3","88.2","1830","-12.4","-25.8","15.8","23.2","79.3","2749","14.1","-57.8","19.8","29.1","92.4","2319","-13.2","-22.4","16.4","0.5","86.6","2451","5.5","-35.2","6.3",,,,,,,"15.3","82","2612","17.3","-46.6","18.4"
"Hendricks, Kyle","543294","2021",".345",".338","17.8","87.3","1942","-6.9","-20.4","17",,,,,,,"27.7","80","2008","-13.2","-32","17.4","11.7","73.2","2844","14.9","-63.4","19.1","42.8","87.3","1828","-13.7","-26.5","16.7",,,,,,,,,,,,,,,,,,
"Lyles, Jordan","543475","2021",".354",".351","39.4","93","2278","-7","-13.6","19.5","9.2","84.9","2705","5.9","-37.6","6.5","7.3","86.4","1595","-13.7","-27.4","16.9","18.2","80.3","2619","6.9","-57.4","16.3","9","91.6","2200","-13.4","-20.2","18.3","2.8","86.3","2541","5.6","-35","6.3",,,,,,,"14.2","82.3","2638","12.9","-40.1","13.4"
"Ryu, Hyun Jin","547943","2021",".313",".322","35.2","89.9","1944","11.9","-20.9","17.8","0.5","79.8","2059","-3.1","-42.1","5.2","25.4","79.9","1511","14","-36.2","15.9","12.6","73.9","2512","-11.7","-64.2","18","0.8","89.3","1910","19.6","-24.4","22.4","25.5","86.3","1997","0.4","-28.2","9",,,,,,,,,,,,
"Wheeler, Zack","554430","2021",".257",".258","42.4","97.2","2388","-7.6","-13.1","17.8",,,,,,,"3.7","90.5","1571","-13.9","-23.6","17.2","10.7","81.5","2638","9.8","-52.9","15.3","18.3","96.7","2199","-15.7","-17.9","19.5","25","91.5","2391","2.3","-26.6","7",,,,,,,,,,,,
"Corbin, Patrick","571578","2021",".362",".358","28.3","92.3","2148","8.1","-17.1","17.2","38.4","80.7","2216","-3.5","-41.5","4.2","4.2","81.5","1619","10.4","-28.3","16.9","1","65.2","1782","-3.7","-65.7","4.7","28.1","92.6","2096","14.1","-19.3","19",,,,,,,,,,,,,,,,,,
"Heaney, Andrew","571760","2021",".341",".318","59.4","92","2443","15.3","-17.4","21.7","0.6","78.6","2463","-4.6","-47.5","6","18","83.8","2035","17.2","-31.6","19","22","79.4","2574","-7.1","-46.7","8.2",,,,,,,,,,,,,,,,,,,,,,,,
"Matz, Steven","571927","2021",".315",".310",,,,,,,"8.1","88.9","2079","1","-28.9","6.5","23.4","85.1","2260","15.9","-34.6","16.4","16.6","77.6","2336","-13.3","-54.8","16.3","51.9","94.5","2184","15","-18.4","19.6",,,,,,,,,,,,,,,,,,
"Richards, Garrett","572070","2021",".356",".357","53","94.3","2468","1.3","-22","9.1","27.4","88.1","2745","3.1","-37.3","4.2","6.9","90.6","1695","-15.4","-28","16.5","12.2","78.3","3140","11","-65","22.3","0.6","95.6","2472","-7.3","-19.3","13.1",,,,,,,,,,,,,,,,,,
"Keuchel, Dallas","572971","2021",".356",".372","2.1","89","2210","5.2","-19.7","15.6","7","77.8","2374","-6.8","-44.5","7.6","28.6","79.6","1630","14.7","-37.9","15.8",,,,,,,"37.9","87.8","1985","14.7","-30.1","15.7","24.4","85.1","2213","-1.7","-29.6","8.5",,,,,,,,,,,,
"Stroman, Marcus","573186","2021",".284",".318","2.6","92.6","2438","-4.3","-18.6","14.2","1.6","87.2","2643","4.1","-38.7","5.3",,,,,,,"0.4","74.9","2514","16.5","-51","17","42","91.9","2284","-9.8","-27.9","11","15.4","89.9","2585","1.9","-28.2","6.3","16.1","86.1","1634","-12.1","-35.2","12.7",,,,,,
"Kikuchi, Yusei","579328","2021",".325",".346","35.7","95.1","2213","10.2","-14","19.4","18.9","82.5","2404","-2.6","-43","4.6","10.5","86.2","1452","10.6","-31.2","12.3",,,,,,,,,,,,,"34.9","91.3","2301","0","-23.1","9.7",,,,,,,,,,,,
"Foltynewicz, Mike","592314","2021",".355",".349","29.3","93.8","2155","-10.5","-15.8","18.7","23.7","83.2","2426","5.3","-37.3","6.6","12.7","85.3","1779","-14","-25.8","18.6","12.6","76.7","2316","10.3","-45.5","11.2","21.8","93.1","2098","-16.2","-20.6","19.7",,,,,,,,,,,,,,,,,,
"Gausman, Kevin","592332","2021",".265",".290","52.7","94.6","2283","-10.4","-14.2","19.5","6.2","82","2197","1.9","-39.2","3.5","5.6","83.8","1641","-11.2","-27.2","16.5",,,,,,,,,,,,,,,,,,,"35.5","83.6","1527","-12.4","-37","13",,,,,,
"Gray, Jon","592351","2021",".320",".305","47.6","94.9","2152","-12.9","-19.2","17.1","38.1","86.7","2408","2.6","-32.7","5","8","87.6","1454","-11.7","-28","14.4","6.3","76","2585","11.3","-56.6","14.7",,,,,,,,,,,,,,,,,,,,,,,,
"Ray, Robbie","592662","2021",".287",".293","59.2","94.8","2272","8.2","-13.5","19.1","30.8","88.6","2186","-1","-27.6","7.6","3.6","88.2","1726","10.2","-21.8","17.1","6.1","82.5","2125","-1.3","-40.2","2.5","0.3","95.1","2293","13","-15.8","19.6",,,,,,,,,,,,,,,,,,
"Smyly, Drew","592767","2021",".342",".342",,,,,,,,,,,,,,,,,,,"42","78.9","2096","2.9","-44.2","3.7","46.5","92.1","2088","6.8","-14.1","19.5","11.5","87.6","1956","3.5","-24.4","11.9",,,,,,,,,,,,
"Taillon, Jameson","592791","2021",".309",".304","49.5","93.9","2418","-3.4","-13.2","18.3","16.3","86.6","2522","5.8","-30.8","8.6","6","88","1868","-14.1","-24.1","18.4","19","80.7","2732","10.2","-55","16.4","5.5","94.2","2302","-13.3","-16.3","19.9","3.7","88.4","2508","3.6","-26.2","9.7",,,,,,,,,,,,
"Walker, Taijuan","592836","2021",".301",".328","35.5","94.5","2094","-9.4","-13.5","19.8","21.1","86.1","2415","4.6","-31.1","8",,,,,,,"7.3","76.4","2356","7.8","-59.7","14.8","21.7","93.7","2007","-15.6","-18.3","20.5","0.1","88.4","2401","1.2","-26.4","9.2","14.3","89.4","1516","-13.5","-27.7","15.4",,,,,,
"Montas, Frankie","593423","2021",".290",".307","29.1","96.4","2398","-7","-12","18.9","12.9","88.1","2478","5.7","-30.8","7.8",,,,,,,,,,,,,"29.2","96.2","2308","-14.9","-15.4","20.6","6.5","90.7","2441","3.9","-26.2","8.5","22.4","87.5","1595","-11.5","-31.7","12.4",,,,,,
"Rodriguez, Eduardo","593958","2021",".330",".288","40","92.5","2177","7.3","-17.1","16.5","8.1","82.1","2140","-3","-44.4","5.4","23","85.4","1884","16.7","-31.2","18.1",,,,,,,"11.2","92.5","2125","14.9","-21.9","18.1","17.7","88.3","2182","-1.9","-26.2","9.1",,,,,,,,,,,,
"Gonzales, Marco","594835","2021",".321",".341","50.3","88.4","2143","10.7","-17.5","20.6",,,,,,,"20.1","79.3","2184","16.6","-33.5","19.6","15.4","75.2","2282","-6.1","-61.5","14.5",,,,,,,"14.3","85.5","2119","2.9","-23.6","14.1",,,,,,,,,,,,
"Pivetta, Nick","601713","2021",".316",".301","51.8","94.8","2294","-5.1","-10.8","20.5","21.6","86","2288","5.5","-35.2","6.6","2.7","87.9","1867","-13.3","-24.4","17.5","23.7","78.6","2742","8","-63.6","20.3","0.1","93.3","2240","-12.4","-13.9","21.6",,,,,,,,,,,,,,,,,,
"Bassitt, Chris","605135","2021",".274",".286","19.3","93.2","2170","-7.7","-16.9","16.6","2.4","82.8","2255","6.2","-37.6","7.1","10.2","85.3","1958","-17.9","-29.9","19.7","6.5","71.7","2328","13.5","-67.4","19.3","35.7","92.7","2115","-16.5","-21.7","19.5","18.1","88.8","2222","0.7","-25","9.9",,,,,,,"7.9","75.2","2355","18.3","-48.5","18.6"
"Davies, Zach","605200","2021",".366",".375",,,,,,,"0.6","80","2300","4.2","-43.3","5.4","32.5","78.5","1691","-14","-36.4","16.3","6.9","74.2","2459","9.6","-59.8","14.1","52.5","88","2018","-14.5","-22.6","19.4","7.5","86.6","2092","-4.8","-23.6","13.8",,,,,,,,,,,,
"Houser, Adrian","605288","2021",".297",".312","13.4","94.1","2177","-8.4","-15.4","17.7","7.3","84","2165","5.8","-35.6","7.3","11.1","87.7","2066","-16","-28.2","17.8","14.4","80","1855","5.4","-55.7","14.2","53.8","93.6","2037","-16","-23.4","17.8",,,,,,,,,,,,,,,,,,
"López, Jorge","605347","2021",".369",".353","21.1","95.3","1977","-9.5","-15.1","18","5.6","85.9","2231","1.6","-31.9","6.4","13.8","88.5","1614","-14.8","-28.6","16.5","23.7","81.9","2378","7.9","-52","13.7","35.9","95.3","1967","-16.1","-19.7","19.3",,,,,,,,,,,,,,,,,,
"Musgrove, Joe","605397","2021",".284",".304","20.3","93.3","2600","-5","-18.6","14","27.8","84.1","2784","14","-40.5","14.3","4.8","87.1","2069","-9.2","-31.5","10.8","23.8","82.1","2808","11","-54.7","17.7","5.1","93.2","2471","-10.5","-24.8","12.8","18.2","90.6","2633","1.7","-24.9","8.7",,,,,,,,,,,,
"Nola, Aaron","605400","2021",".297",".283","37.5","92.9","2198","-13.3","-17.6","19.5",,,,,,,"19.8","85.2","1511","-15","-35.6","15.5","27","78.5","2529","14.6","-55.1","17.9","14.1","92","2137","-17.5","-23.5","19.7","1.5","86.7","2179","1","-28.7","7.8",,,,,,,,,,,,
"Snell, Blake","605483","2021",".305",".335","52.5","95.1","2399","5.7","-11.6","19.8","24.4","86.5","2417","-4.3","-35.5","5.2","9.9","88.3","1731","12.3","-24.3","16.6","13.3","79.5","2259","-11.1","-55.9","16.5",,,,,,,,,,,,,,,,,,,,,,,,
"Woodruff, Brandon","605540","2021",".252",".279","33.7","96.5","2356","-6.3","-12.7","17.9","8.6","86.5","2553","3.8","-39.2","5.4","14.2","86.5","1906","-14.7","-29.7","16.4","16.8","83.8","2644","4.5","-51.2","13.2","26.7","96.2","2288","-14","-16.8","19",,,,,,,,,,,,,,,,,,
"Rodón, Carlos","607074","2021",".247",".254","58.7","95.4","2293","7.9","-12.6","19.4","27.2","85.8","2453","-8.2","-38.2","8.8","12.4","85.2","1673","13.5","-26.2","18","1.7","76.7","2253","-6.6","-54.3","10.4",,,,,,,,,,,,,,,,,,,,,,,,
"Fedde, Erick","607200","2021",".340",".337","1.3","93.2","1850","-3.5","-22.4","9.6",,,,,,,"10.2","87.7","1546","-14.6","-34","14.9","23.4","79.7","2282","14.3","-44.5","14.7","42.2","93.8","1882","-10","-20.9","14.4","23","89.4","2051","3.2","-27.5","7.8",,,,,,,,,,,,
"Freeland, Kyle","607536","2021",".349",".314","25.3","91.4","2398","6.3","-19.6","14.4","22.7","86","2324","-2.5","-32","5.7","17.2","85.8","1543","10.9","-29.6","13.5","19.9","80.2","2437","-5.6","-51.6","11.1","14.8","91.3","2359","12.3","-26.2","14.1",,,,,,,,,,,,,,,,,,
"Means, John","607644","2021",".294",".309","47.9","92.8","2399","6.7","-11.9","21.3","8.4","86.3","2326","-3.4","-27.5","9.9","27.3","83.4","2256","12.8","-22.7","21.4","16.4","78","2278","-13.1","-52.3","15.1",,,,,,,,,,,,,,,,,,,,,,,,
"Fried, Max","608331","2021",".278",".288","39","94","2114","1.4","-18.1","13.1","21.6","84.7","2483","-8.8","-37.9","9.5","2.2","84.7","1411","11.8","-32.5","13.6","25.6","74.4","2650","-8.3","-65.3","17.6","11.3","93.5","1996","10.6","-20.8","15.1",,,,,,,,,,,,,"0.3","82.4","2564","-20","-44.6","20.5"
"Giolito, Lucas","608337","2021",".288",".280","43.9","93.8","2345","-6.7","-12","20.3","21.5","85.6","2028","2.7","-32.4","6.1","31.8","81.5","1492","-10.2","-28.2","16.7","2.9","80.6","2382","6.4","-52.4","12.4",,,,,,,,,,,,,,,,,,,,,,,,
"Irvin, Cole","608344","2021",".323",".338","40.5","90.8","1956","8.2","-16.6","18.6","14.8","83","2008","-2.5","-38","3.9","22","84.2","1584","12.8","-29.5","15.8","3.3","76.9","2056","-3.9","-51.9","7.4","19.2","90.5","1888","14.3","-20.9","19.1","0.1","90.7","1799","1.3","-15.9","17.7",,,,,,,,,,,,
"Wacha, Michael","608379","2021",".334",".355","35.9","93.8","2091","-6.8","-12.6","20",,,,,,,"29.4","86.9","1554","-13.8","-26.8","17.3","6.3","76.2","2191","11.3","-56.4","14.7","3.5","94.1","2072","-12.9","-15.9","19.9","24.9","89.1","2066","2.2","-24.6","10.4",,,,,,,,,,,,
"Márquez, Germán","608566","2021",".303",".310","45.5","94.8","2078","-6","-18.6","13.2","26.9","86.2","2420","1.5","-34.9","3.3","2.1","86.1","1670","-10.8","-29.1","13.7","18.2","85.2","2683","4","-40.3","5.7","7.4","94","2057","-12.5","-21.6","15.7",,,,,,,,,,,,,,,,,,
"Quantrill, Cal","615698","2021",".296",".308","14.7","94.4","2163","-8.5","-14.5","18.2","4.7","86.7","2309","3.7","-34.6","4.7","14","85","1354","-10.8","-28.3","14.6","4.2","81.3","2353","3.9","-43.2","5.1","36.5","94.3","2087","-13.3","-16.6","19.5","25.9","88.4","2207","2.6","-28.5","7",,,,,,,,,,,,
"Kaprielian, James","621076","2021",".314",".324","52.8","93","2035","-8.5","-16.3","17.6","17.4","85.3","2274","0.8","-32.9","5.3","15.7","83.8","1291","-9.6","-36.5","10.4","8.1","78","2443","6.8","-51.2","9.6","6","92.4","1983","-17","-22.3","19.8",,,,,,,,,,,,,,,,,,
"Buehler, Walker","621111","2021",".255",".272","44.4","95.3","2472","-3.1","-12","18.4","13.8","84.9","2798","14.2","-37.1","14.6","4.8","91.5","1522","-13","-27.1","14.4","13.2","80.1","2861","10.7","-57.7","18.4","7.4","95.3","2341","-13.3","-16.6","19.1","16.4","91.6","2617","5.9","-24","10.8",,,,,,,,,,,,
"McCullers Jr., Lance","621121","2021",".283",".284",,,,,,,"25.9","86","2797","13.7","-32.5","14.8","13.7","85.8","1682","-17.2","-37.6","17.5","24.9","84.2","2923","11.9","-49.3","16","34","93.9","2115","-13.7","-24.9","15.2","1.5","89.8","2538","2.9","-28","7.5",,,,,,,,,,,,
"Mills, Alec","621219","2021",".343",".334","17.3","88.7","2167","-9.3","-20.7","17","12.6","76.6","2528","16.6","-50.5","17.1","16.8","79.1","1746","-15","-39.6","15.8","10.4","65.8","2317","12.5","-74.3","16.6","42.9","89.1","2157","-16.2","-26.9","17.9",,,,,,,,,,,,,,,,,,
"Berríos, José","621244","2021",".286",".311","26.7","94.1","2231","-9.9","-16.5","17.7",,,,,,,"13.2","84.8","1521","-13.9","-33.6","14.9",,,,,,,"29.5","93.8","2134","-16.2","-19.8","19.9",,,,,,,,,,,,,,,,,,
"Wood, Alex","622072","2021",".298",".304",,,,,,,"31.6","83.9","2117","-3.9","-41.3","5.4","22","85.3","1662","14.5","-36.2","14.7",,,,,,,"46.4","91.8","2098","16","-20.9","19.9",,,,,,,,,,,,,,,,,,
"Castillo, Luis","622491","2021",".318",".293","28.5","97.1","2325","-11.3","-16.2","17.2","17.4","86.4","2441","0.5","-36.8","2.7","30.5","88.3","1971","-16.8","-34.1","16.9",,,,,,,"23.6","97.3","2142","-17.6","-24.5","18.2",,,,,,,,,,,,,,,,,,
"Senzatela, Antonio","622608","2021",".323",".319","54.5","94.6","2096","-4.9","-19.3","12.2","31.9","86.1","2083","5","-34.1","5.9","6.2","86","2016","-7.5","-28.7","11.4","5.8","77.8","2158","6.6","-51.1","9.2","1.6","94.3","2119","-10.5","-18.2","16.5",,,,,,,,,,,,,,,,,,
"Flexen, Chris","623167","2021",".311",".317","40","92.8","2107","-2","-13.5","18.6",,,,,,,"15.3","82.7","1326","-12.2","-30.2","15.7","15.3","77.2","2708","7.9","-59.1","15.5",,,,,,,"29.4","89.1","2299","5","-27","9.1",,,,,,,,,,,,
"Urías, Julio","628711","2021",".266",".273","48.3","94.1","2499","3.8","-13.5","17.8",,,,,,,"17.3","86.8","1921","14.6","-28.9","16.4",,,,,,,"0.1","94.7","2481","10.2","-13.3","20",,,,,,,,,,,,,,,,,,
"Crowe, Wil","640444","2021",".369",".347","34.9","93.7","2407","-3.1","-14.5","17","24.7","85.3","2716","6.5","-37.6","7.1","18.2","85.1","1714","-9.7","-32.7","11.4","10.5","80.4","2440","4.9","-55.3","14","11.7","92.9","2222","-11.7","-19","17.4",,,,,,,,,,,,,,,,,,
"Manaea, Sean","640455","2021",".310",".312","0.8","92.1","1957","7.9","-18.8","15.8","14.9","82.8","2010","-4.4","-37.2","6.1","24.3","84.5","1371","12.2","-31.7","14.2",,,,,,,"59.3","92.1","1997","13.9","-20.1","18.7",,,,,,,,,,,,,"0.7","78.2","2109","-14.9","-44","15.3"
"Alzolay, Adbert","640470","2021",".312",".326","18.5","94","2295","-7.8","-14.2","18.7","39.8","86.2","2610","7.3","-33.4","8.4","7.1","85.6","1705","-14","-27.9","17.2","1.1","80","2648","7.6","-42.7","7.7","27","93.8","2209","-15","-19","19.4","6.5","90.2","2364","3.5","-26.6","7.9",,,,,,,,,,,,
"Dunning, Dane","641540","2021",".336",".333","0.4","90","2011","-6.5","-26.6","9.5","22.1","79.7","2071","4.7","-48.5","7.7","13","84.5","1935","-17.4","-32.1","18.7","4.2","78.2","2074","7.8","-59.7","16.8","52.3","90.4","2034","-14.5","-27","16.1","8","85.8","2212","2.2","-30.7","7.1",,,,,,,,,,,,
"Keller, Brad","641745","2021",".358",".380","29.6","94.2","2322","1","-16.7","14.2","34.8","86.1","2582","6.1","-40.6","7.5","6.2","90","1998","-12.5","-24.3","15.8",,,,,,,"29.3","93.7","2181","-10.8","-21.5","14.5",,,,,,,,,,,,,,,,,,
"Mahle, Tyler","641816","2021",".308",".298","53","94","2336","-12.1","-13.8","21","26.3","86.7","2535","2.9","-29.4","7.9",,,,,,,,,,,,,,,,,,,"4.8","86.6","2432","2.1","-27.8","9","15.9","86.5","1842","-14.5","-28.3","16.9",,,,,,
"Yarbrough, Ryan","642232","2021",".325",".322","0.3","84.3","1999","8.9","-32","11.1",,,,,,,"28","78.4","2027","17.4","-38.4","18.7","18","71.1","2270","-15.5","-49.3","16.6","13.5","86.4","1841","14.2","-25.4","18.4","40.1","81.9","2116","-2.1","-34.5","7.5",,,,,,,,,,,,
"Peralta, Freddy","642547","2021",".252",".253","51.7","93.4","2370","-7","-14.9","18.1","26.5","80.5","2264","14.3","-39.3","14.9","9.7","88","1621","-14.7","-31.2","15.5","10.8","76.8","2213","8.4","-52","10.3","1.3","92.4","2302","-13.8","-18.9","19.2",,,,,,,,,,,,,,,,,,
"Alcantara, Sandy","645261","2021",".279",".288","21.6","98.1","2239","-10.6","-14.8","17.5","24.1","90.4","2359","-1.3","-30.1","4.7","23.5","91.8","2005","-16.1","-29.2","16.5","2.6","83.7","2396","3.8","-42.9","5.8","28.2","97.6","2324","-17.3","-21.5","18.9",,,,,,,,,,,,,,,,,,
"Cease, Dylan","656302","2021",".295",".295","46.8","96.7","2543","-4.4","-10.5","19.4","30.6","85.9","2880","6.9","-38.1","7.6","7.4","78.1","1641","-7.3","-29.2","17.4","15.2","79.9","2754","5.3","-61.7","19.2",,,,,,,,,,,,,,,,,,,,,,,,
"Montgomery, Jordan","656756","2021",".299",".310","16.2","92.6","2284","7.4","-15.3","18.3",,,,,,,"24.4","82.5","1704","9.7","-25.5","17.8","23.7","80","2246","-0.9","-46.7","4.4","21.9","92.4","2172","15.5","-19.8","19.9","13.8","87.3","2361","-0.3","-27.1","9.1",,,,,,,,,,,,
"Webb, Logan","657277","2021",".274",".276","9.8","93.2","2133","-8.5","-20.4","14","27.7","82.4","2688","10.8","-41.9","11.2","23.6","86.2","1475","-8.9","-41.6","10.5",,,,,,,"37.8","92.8","1901","-15.2","-31.7","15.5","1.1","91.2","2277","-1.3","-26","7",,,,,,,,,,,,
"Ohtani, Shohei","660271","2021",".279",".282","44","95.6","2218","-3.8","-14.6","16","0.3","80.6","2273","7.6","-44.8","9.7",,,,,,,"3.4","74.5","2370","12.1","-63.9","18.3",,,,,,,"12.3","87","2262","3.4","-32.1","6","18.1","88.1","1360","-5","-32.9","6.3","21.9","82.3","2350","15.8","-37.5","16.5"
"Bubic, Kris","663460","2021",".337",".349","52","90.9","2073","6.2","-17.7","16.8",,,,,,,"30.8","80","1604","12.6","-35","15","17.2","78.5","2619","-8.3","-59.5","17.1",,,,,,,,,,,,,,,,,,,,,,,,
"Allard, Kolby","663465","2021",".331",".343","46.9","91.5","2121","7.9","-15.7","18.8",,,,,,,"16.8","83.6","1606","14.1","-29.2","17.5","11.1","75.9","1896","-4.5","-56.6","10.4","0.4","92.5","2199","13.3","-15.7","21.2","24.8","86.3","2197","-2.4","-30.6","6.9",,,,,,,,,,,,
"Mize, Casey","663554","2021",".308",".338","29.3","93.9","2151","-9.2","-15.4","18.4","28.1","85.9","2239","3.8","-34.9","5.1",,,,,,,"6.7","81.3","2197","9.7","-51.5","14","22.7","93.2","2062","-16.4","-22.3","19",,,,,,,"13.2","85.8","1103","-12.1","-36.8","12.5",,,,,,
"McClanahan, Shane","663556","2021",".304",".327","40.9","96.4","2256","10.5","-13.3","19.5","34.7","89.1","2400","-3.8","-32.3","5.2","8","89.2","1725","15.6","-23.4","19.3","16.3","82.5","2653","-6","-51","12.5",,,,,,,,,,,,,,,,,,,,,,,,
"Singer, Brady","663903","2021",".338",".326","0.3","92.7","2264","-4.7","-15.2","17.3","38.2","85.4","2393","3.8","-36.6","4.7","3.8","88","2015","-14.8","-22.7","19.5",,,,,,,"57.7","93.7","2271","-13.2","-17.7","18.9",,,,,,,,,,,,,,,,,,
"Brubaker, JT","664141","2021",".340",".329","24.5","92.9","2178","-8.7","-15.8","18.2","34.2","87.2","2648","1.3","-32.9","3.8","6.3","87.2","1885","-15.6","-28.2","17.6","10.4","79.5","2801","6.4","-51.9","11","24.6","93.4","2266","-15.7","-20.5","19.2",,,,,,,,,,,,,,,,,,
"Valdez, Framber","664285","2021",".288",".301","5","92.1","2183","5","-22","11.5",,,,,,,"12.1","87.5","1498","13","-34.4","13.4","30.8","77.9","2873","-13.5","-61","20.5","52.1","92.5","2171","13","-27.2","14.1",,,,,,,,,,,,,,,,,,
"Anderson, Ian","666120","2021",".293",".317","47.1","94.6","2045","-5.4","-13.2","18.4",,,,,,,"31.4","88.1","1646","-10.1","-23.1","15.9","21.1","80.7","1895","1","-48.4","6.7","0.3","94.1","2081","-11.9","-14.2","20.7",,,,,,,,,,,,,,,,,,
"Plesac, Zach","668676","2021",".314",".325","41.7","92.8","2047","-8.7","-14.7","19.2","23.1","86.7","2033","0.1","-27.5","8.9","24.3","85.7","1599","-12.3","-26.7","16.3","10.9","80.2","1884","1.7","-48.7","7.1",,,,,,,,,,,,,,,,,,,,,,,,
"Gallen, Zac","668678","2021",".313",".306","53.6","93.4","2325","-3.4","-14.1","17.8","8.4","86.1","2467","7.7","-37","8.3","16.7","86.1","1476","-12.7","-33.4","13.4","12.5","79.7","2437","8.3","-55.1","14.5","0.4","93.3","2328","-9.8","-13.5","20.7","8.4","90.3","2247","3.3","-22.9","11.6",,,,,,,,,,,,
"Burnes, Corbin","669203","2021",".232",".219","1.6","96.4","2607","-5.7","-15.4","15.1","9.2","88","2861","7.6","-35.3","8.2","9.6","90.7","1873","-13.9","-25.9","16.1","18.3","81.2","2867","11.3","-49.3","14","9.1","96.9","2556","-11.9","-17.1","17.1","52.2","95.2","2767","4.2","-18.7","12.2",,,,,,,,,,,,
"Gilbert, Logan","669302","2021",".305",".310","61.5","95.3","2200","-5.4","-12.1","19","23.6","83.4","2276","6.5","-35","8.6","7.7","79.9","1555","-14.2","-37.8","15.3","7.2","75","2117","5.1","-56.7","10",,,,,,,,,,,,,,,,,,,,,,,,
"Skubal, Tarik","669373","2021",".332",".357","42.8","94.3","2192","8.3","-14.8","18.3","22.8","86.5","2060","-1.8","-32.6","4.9","12.1","82.1","1441","8.7","-28.5","15.4","6.8","73.8","2222","-7.9","-63.9","15.6","12.9","94.5","2021","15.1","-19.1","19.1","0.3","94.2","2210","2.2","-13.6","17.7","2.3","85.1","1380","9.9","-28.2","14.4",,,,,,
"Rogers, Trevor","669432","2021",".270",".284","57.7","94.5","2375","11.1","-16","18.6","14.8","81.8","2115","-1.7","-37.5","4.9","27.4","84.8","1323","13.4","-36.6","13.8",,,,,,,"0","94.9","2647","17.3","-15","23.2",,,,,,,,,,,,,,,,,,
"Garcia, Luis","677651","2021",".297",".304","44.7","93.3","2354","-5","-13","19.3","12.5","79.9","2374","15.8","-45.8","16.3","11","83.4","1909","-16.1","-29.6","19","9.4","75.9","2264","5.9","-59.2","13.2",,,,,,,"22.4","86.1","2378","5.7","-31.5","8.4",,,,,,,,,,,,
"Wainwright, Adam","425794","2022",".306",".328","9.4","88","2233","-1.4","-20.2","15.4","0.1","75.3","2682","18.6","-54.2","19.3","6","82.2","1764","-14.3","-32.4","16.6","31.7","72.8","2768","16.1","-67.5","22","27.8","88.6","2201","-13","-22.7","17.9","25","84.3","2411","6.3","-32.1","9.3",,,,,,,,,,,,
"Greinke, Zack","425844","2022",".321",".336","38.3","89.2","2286","-2.1","-18.4","16.3","7.4","81.8","2448","8.4","-34.7","11.4","16.5","86.5","1644","-12.8","-32.6","13.6","20.3","72","2433","12.5","-64.4","16.9","2.2","89.4","2193","-11.7","-24.2","15.4","15.3","85.8","2371","6.6","-30.8","9.4",,,,,,,,,,,,
"Verlander, Justin","434378","2022",".222",".255","50.4","95","2423","-9.5","-11.4","21.5","28.3","87.4","2464","4","-31","6.7","2.4","86.2","1756","-15.7","-26.5","19","18.8","79","2644","6.9","-55.3","13.4",,,,,,,,,,,,,,,,,,,,,,,,
"Kluber, Corey","446372","2022",".316",".310","1.5","88.9","2271","-6.3","-20.2","16",,,,,,,"10.3","82.9","1652","-13.5","-33.7","15.5","27.3","80.7","2526","16.5","-41","16.9","26.8","88.9","2075","-16.3","-26.1","18.7","34.2","86.3","2463","2.9","-28.1","9.3",,,,,,,,,,,,
"Hill, Rich","448179","2022",".325",".313","35.6","88.5","2252","8.2","-16.4","20.5",,,,,,,"4.2","82.8","1882","15.6","-33.2","17.8","36.5","71.8","2629","-17.8","-67.7","22.4","0.2","87.3","2229","17.6","-23.4","22","12.9","84.2","2273","-1.9","-29.6","9.6",,,,,,,"10.6","69.2","2531","-22.7","-56.5","22.9"
"Morton, Charlie","450203","2022",".320",".314","33.7","94.9","2373","-10.6","-17.9","16.6",,,,,,,"8.5","87.2","2154","-17.6","-34.5","17.8","38","81.3","3068","15.5","-51.1","18.3","10.5","94.7","2190","-17","-25.6","17.8","9.3","88.4","2551","1.8","-29.7","5.9",,,,,,,,,,,,
"Scherzer, Max","453286","2022",".254",".265","45.4","94","2387","-11.1","-15","19.7","23.4","85","2303","3.2","-34.7","5.2","12.6","84.1","1399","-14.9","-34.9","15.6","9.2","75","2764","16.6","-58.4","19.1",,,,,,,"9.4","89.2","2391","0.3","-25.9","8.7",,,,,,,,,,,,
"Cueto, Johnny","456501","2022",".310",".311","19.8","91.4","2188","-12.2","-17.8","19.5","16.4","83.5","2235","2.7","-33.7","6.9","20.1","82.6","1325","-12.2","-36","13.1","0.6","69.9","2095","3.5","-57","4.4","23.2","91.4","2111","-16.8","-23.6","19.3","19.8","86.9","2178","-3.3","-26.1","10.9",,,,,,,,,,,,
"Lynn, Lance","458681","2022",".304",".296","45.9","92.9","2443","-3.7","-18.3","14","2.5","86","2548","5.1","-35.5","6.1","3.8","85.8","1872","-11.8","-31.3","13.6","8.6","82","2497","10.5","-42.2","11.2","13.2","91.4","2307","-11","-25.9","13.2","26.1","88.8","2607","2.3","-29.4","6.2",,,,,,,,,,,,
"Carrasco, Carlos","471911","2022",".327",".313","35.5","93.2","2282","-7.6","-17.5","16.1","24.5","84.8","2456","2.3","-35.7","4.1","24.6","87.4","1311","-8.2","-34.6","8.7","4.1","81.1","2654","7.6","-46.7","9.6","11.4","91.9","2161","-16.3","-25","18.1",,,,,,,,,,,,,,,,,,
"Quintana, Jose","500779","2022",".286",".305","36","91.2","2077","2.4","-17.7","15.5",,,,,,,"19.5","86.4","1319","11.7","-30.8","13.6","22","78.3","2263","-7.1","-52.7","11","16.4","91.4","2070","12.6","-19.7","18.2",,,,,,,,,,,,,,,,,,
"Gibson, Kyle","502043","2022",".331",".326","11.9","92","2279","-6.2","-16.4","17.2","17.7","83.4","2518","4.6","-40.7","5.3","10.8","84.7","1622","-14.8","-34.6","15.3","6.7","79.1","2467","7.3","-52.5","11.5","28.1","91.7","2133","-14.5","-25.4","16.3","21.5","89.4","2360","0.8","-24.8","9.8",,,,,,,"3.3","82.9","2458","7.8","-37.2","9.1"
"Cobb, Alex","502171","2022",".296",".277","0.2","95.3","2214","-8.6","-14.3","17.9","0","85.1","2531","4","-45.1","8.5",,,,,,,"15.3","83.8","2610","5.9","-52","14.4","41.9","94.8","2091","-15.8","-21.4","18.3",,,,,,,"42.5","89.6","1578","-13","-32.2","13.5",,,,,,
"Darvish, Yu","506433","2022",".259",".291","25.5","95","2416","-7.2","-13.5","18.6","31.5","86","2778","5.7","-37.1","6.3",,,,,,,"7.3","76.1","2704","10.6","-61.1","16.9","8.5","94.7","2274","-14.2","-19","18.5","4.3","90.7","2577","2.1","-22.7","10.9","7.4","89.2","1302","-6.2","-29.4","8.8","15.4","82.7","2726","16.2","-40.3","16.5"
"Bumgarner, Madison","518516","2022",".357",".358","32","91.2","2209","7.8","-17.7","17.4","0.2","83.3","2205","-5.8","-39.7","6.2","11.3","85.5","1480","13","-29.6","15.5","18.7","78.6","2304","-9.2","-47.1","9.8","1.5","90.8","2067","12.8","-21.1","17.8","36.3","87.4","2295","-2.9","-27.7","8.9",,,,,,,,,,,,
"Kelly, Merrill","518876","2022",".289",".296","30.8","92.6","2360","-7.9","-16.7","17.3","0.2","85","2416","1.8","-34.5","4.1","21.3","88.6","2158","-16.6","-32.3","16.9","13.5","82.2","2550","9.1","-50.9","13.8","17.5","92.5","2206","-16.1","-24.7","17.9","16.7","90.8","2332","-1.5","-20.3","13",,,,,,,,,,,,
"Pérez, Martín","527048","2022",".289",".295","8","92.7","2055","10.9","-17.4","18.3","1.4","84.5","2398","-3.5","-32.7","7.3","27.6","84.4","1661","14.2","-29.6","16.9","3.5","78.8","2515","-6.3","-49","8.3","35.2","92.6","1997","16.4","-21.8","19.4","24.3","89.9","2214","1.1","-21.6","12.5",,,,,,,,,,,,
"Anderson, Tyler","542881","2022",".271",".275","38","90.7","2231","7.5","-15.3","19.6",,,,,,,"31.6","79","1848","13.3","-34.8","16.2","1.2","73.2","2141","-2","-59.2","8.7","7.1","89","2227","17.2","-28","18.8","22","85.7","2421","-2.5","-27.2","10.3",,,,,,,,,,,,
"Cole, Gerrit","543037","2022",".283",".284","51.9","97.8","2428","-10.4","-10.5","21.1","22.6","88.7","2569","5","-34.2","5.6","8.4","89.7","1616","-14","-24.7","17.1","10.8","83","2779","10.2","-53","16.6",,,,,,,"6.4","92","2485","0.5","-24.4","8.5",,,,,,,,,,,,
"Lyles, Jordan","543475","2022",".341",".340","31.8","91.8","2204","-5.9","-15.5","18.1",,,,,,,"10.7","86.3","1464","-13.7","-29.1","15.9","13.4","79.1","2433","7.6","-58.7","16.5","17.6","90.8","2095","-13.4","-20.8","18.4","2.6","84.9","2438","4.8","-34.6","6.4",,,,,,,"24","80","2638","16.8","-44.2","17.1"
"Stripling, Ross","548389","2022",".268",".293","33.7","91.9","2124","-5.2","-13.7","19.7","21.9","87.1","2301","4.5","-29.6","8.1","27.2","82.6","1680","-10.9","-29.7","15.3","9.6","76.1","2377","7.2","-59","13.7","7.5","89.9","2004","-12.1","-19.4","19",,,,,,,,,,,,,,,,,,
"Wheeler, Zack","554430","2022",".275",".275","42.3","95.9","2392","-9.2","-13.6","18.8",,,,,,,"1.8","89.5","1557","-14.5","-24.8","17.4","11.9","81.3","2654","9.2","-51.7","13.9","17.1","95.4","2217","-16.1","-18.7","19.9","26.9","90.6","2459","2.3","-26.8","7.6",,,,,,,,,,,,
"Corbin, Patrick","571578","2022",".383",".381","16.9","92.1","2130","7.9","-17.5","16.9","29.4","81.7","2184","-2.9","-39.6","3.8","8.3","82.4","1629","12.7","-30.4","16.3","0","74.2","1944","-2.5","-51.4","2.9","45.4","92.8","2068","14.2","-19.9","18.7",,,,,,,,,,,,,,,,,,
"Mikolas, Miles","571945","2022",".279",".306","27.3","93.5","2292","-4.9","-16.3","15.9","25.4","87.7","2381","3.9","-31.1","6.2","4","82.7","1575","-12","-31","15.5","21.1","76","2547","8.7","-63.3","17.7","22.2","93","2232","-13.3","-19.5","18.4",,,,,,,,,,,,,,,,,,
"Stroman, Marcus","573186","2022",".291",".308","8.5","92.6","2425","-4.6","-18.1","14.7","5.1","86.4","2692","4.9","-40.5","6.7",,,,,,,,,,,,,"40.2","92","2265","-9","-29","9.9","10.5","90","2532","2","-28.6","5.7","12","87","1715","-12","-34.4","12.4",,,,,,
"Gausman, Kevin","592332","2022",".304",".285","48.8","95","2265","-10.5","-13.1","20.5","14.4","84.4","2206","1.2","-35.1","4","1.3","84.5","1497","-7.3","-30.8","11.1",,,,,,,,,,,,,,,,,,,"35.5","85.2","1569","-15","-33","16.2",,,,,,
"Gray, Jon","592351","2022",".292",".295","50.5","95.9","2015","-11.4","-17.2","17.3","0.5","85.8","2212","-2.1","-28.7","9.1","9.3","88.7","1455","-14.2","-26","17","4.1","77.8","2597","14.5","-56","18",,,,,,,,,,,,,,,,,,,"35.5","84.9","2471","10.2","-32.6","12.2"
"Ray, Robbie","592662","2022",".315",".295","39.3","93.4","2282","6.7","-13.4","19.4","37.2","87.2","2190","-1.5","-28.3","8.1","0.7","86.9","1759","10.5","-23.1","17.2","1.9","79.7","2106","-2.5","-43.7","3.7","20.9","93.3","2191","15.4","-18.7","20",,,,,,,,,,,,,,,,,,
"Syndergaard, Noah","592789","2022",".312",".325","14.7","94.1","2136","-5.7","-16.7","15.5","17.4","85.2","2151","5.5","-36.6","6.4","19.7","88.5","1534","-15.2","-26.8","17.5","14.3","77.8","2136","10.3","-45.5","11","32.2","93.6","2125","-14.1","-20.8","17.8","1.6","85.8","2161","5.8","-35.4","7.8","0","88.7","1438","-10","-24.2","14.6",,,,,,
"Taillon, Jameson","592791","2022",".308",".317","35.6","94.1","2370","-5.7","-13.2","18.8","18.7","86.1","2556","6.2","-32.5","7.9","8.4","87.8","1846","-14.1","-24.6","17.9","14.8","81.1","2734","9.2","-51.9","13.9","11","94.2","2297","-13.6","-16.3","20.1","11.3","90.7","2531","2.8","-20.6","13.2",,,,,,,"0.1","84.1","2640","10.1","-37.8","10.4"
"Walker, Taijuan","592836","2022",".293",".308","29.8","93.7","2148","-10.1","-14","20.2","16","84.9","2403","5.3","-32.5","8.4",,,,,,,"8.7","75","2226","7","-60.5","13.6","11","92.9","2023","-15.2","-18.9","20.1","6.8","88.4","2330","1.6","-23.3","12.1","27.6","88.8","1447","-10.8","-32.6","11.3","0.1","83.2","2497","7","-39.2","7.3"
"Montas, Frankie","593423","2022",".309",".310","28.4","96.1","2357","-6.3","-12.8","18.1","15.6","87.2","2410","6.2","-32.8","7.3",,,,,,,,,,,,,"22.2","95.6","2242","-15.5","-18.5","19.4","8.3","89.5","2396","4","-27.8","7.9","25.5","86.4","1467","-12.1","-33.4","12.8",,,,,,
"Gonzales, Marco","594835","2022",".337",".330","36.6","88.5","1986","12.2","-20.3","19.3",,,,,,,"30.5","79.4","2114","17.3","-36.7","18.8","13.4","76.6","2114","-6.3","-59.8","14.6",,,,,,,"19.5","86.1","2030","2.2","-25.2","11.8",,,,,,,,,,,,
"Gomber, Austin","596295","2022",".347",".330","40.6","91","2156","6.3","-15.6","18.5","24.6","84.3","2391","-5","-34.7","6.4","17.6","82","1644","9.8","-29.8","14.5","17.1","75.8","2497","-7","-61.6","15.7","0.1","91.5","2052","11.2","-18.6","17.9",,,,,,,,,,,,,,,,,,
"Pivetta, Nick","601713","2022",".330",".332","51","93.4","2310","-5.1","-10.9","21.3","2.8","83","2476","6.9","-42","7.8","0","91.9","2329","-16.9","-8.9","30.1","27","77.2","2710","7.9","-65.3","20.2",,,,,,,"16.9","86.2","2294","5.5","-32.3","8","2.2","87","1152","-8.1","-27.7","12",,,,,,
"Bassitt, Chris","605135","2022",".291",".290","13.1","93.2","2191","-5.5","-17.8","14.9","8","82.7","2345","6.9","-38.8","7.6","6.1","85.4","1824","-16.2","-30.9","17.9","13.9","71.6","2330","14.9","-68","20.4","33.5","92.8","2118","-16.1","-22.5","18.8","17.3","89","2262","2.5","-25.6","9.4",,,,,,,"8.2","75.2","2318","18.8","-48.5","19.1"
"Bundy, Dylan","605164","2022",".329",".321","39.7","89","2352","-4.5","-15.3","20","24","79.1","2404","5.3","-44.4","6.2","18.7","81.1","1361","-12.2","-35.3","13.9","10.6","72.2","2148","8.2","-63.4","13.8","7","89.7","2194","-12.1","-17","21.1",,,,,,,,,,,,,,,,,,
"Davies, Zach","605200","2022",".315",".329","4.7","89.9","2114","-13.9","-20","19.8","0.8","75.9","2498","15.6","-52.7","16.5","33.3","79.7","1672","-14","-34.6","16.6","6","74.8","2580","10.9","-62","16.8","49.6","89.5","2082","-14.9","-21.8","19.6","5.6","87.6","2145","-4.7","-22.5","14.2",,,,,,,"0","78.1","2604","18.8","-47.6","19"
"Musgrove, Joe","605397","2022",".292",".282","24","92.9","2559","-4.2","-18.3","14.2","24.6","82.9","2714","12.7","-41.9","13.2","6.3","86.5","1972","-11.4","-32.8","12.3","18.9","81.3","2723","9.6","-55.5","16.9","6.8","92.4","2436","-12.4","-22.9","15.7","19.5","90.1","2581","1.5","-24.5","9.4",,,,,,,,,,,,
"Nola, Aaron","605400","2022",".264",".259","33.4","92.8","2308","-13.1","-16.6","20.3",,,,,,,"14.7","85.9","1482","-15.2","-33.8","15.9","26.5","78.6","2589","14.4","-55.7","18.1","18.8","92.2","2199","-17","-22.6","19.7","6.5","86.8","2212","0.9","-29.1","7.5",,,,,,,,,,,,
"Snell, Blake","605483","2022",".282",".279","55.5","95.8","2434","5.2","-11.2","19.6","24.3","88.9","2389","-4.1","-29.9","6.8","5","87.1","1899","13.7","-26.1","17.1","15.1","81.4","2297","-12.2","-51","15.6",,,,,,,,,,,,,,,,,,,,,,,,
"Springs, Jeffrey","605488","2022",".272",".282","40.4","91.4","2254","11.4","-15.3","21.2","24.8","85.4","2188","-4.5","-32.4","7.5","34.7","81.1","1415","13.7","-34.1","15.8",,,,,,,"0.1","90.1","2316","18.5","-20","23.6",,,,,,,,,,,,,,,,,,
"Thompson, Zach","605507","2022",".346",".346","16.2","92.3","2386","-2","-18.1","14.2",,,,,,,"8.5","85.7","1864","-12.1","-31.6","13.7","20.9","76.6","2244","5","-56.5","11.4","21.1","92.2","2231","-9.7","-24.1","12.8","33.3","86.8","2580","3.4","-32.1","5.6",,,,,,,,,,,,
"Woodruff, Brandon","605540","2022",".282",".277","38.5","96.3","2350","-6","-12.1","18.6","11.3","88","2408","3.8","-32","5.6","16.3","86.1","2008","-15.8","-28","18.3","12.6","84","2497","2.5","-46","8.1","21.4","95.8","2286","-14","-15.9","19.8",,,,,,,,,,,,,,,,,,
"Rodón, Carlos","607074","2022",".255",".254","61.2","95.5","2349","6","-12","19.1","31.1","85.4","2447","-8.1","-38.6","8.6","2","84.6","1757","13.7","-27.4","17.8","5.7","79.8","2454","-6.4","-55.5","14",,,,,,,,,,,,,,,,,,,,,,,,
"Fedde, Erick","607200","2022",".362",".356",,,,,,,,,,,,,"3.6","86","1516","-14.6","-34.7","15","28.8","78.4","2388","14.7","-46.9","15.2","39.9","92.6","1877","-8.8","-22.1","13.5","27.6","89.2","2123","1.7","-26.7","8.2",,,,,,,,,,,,
"Freeland, Kyle","607536","2022",".346",".347","23.7","90.2","2390","5.7","-20.2","14.5","22","85.4","2375","-1.4","-32.7","5.1","13.7","84.8","1479","10.9","-30.7","13.3","18.2","80.9","2446","-4.3","-48.5","8.4","22.4","89.6","2350","12.9","-27.5","14.7",,,,,,,,,,,,,,,,,,
"Fried, Max","608331","2022",".255",".264","32.5","94","2139","1.7","-18.5","12.7","18.4","87.3","2392","-3.8","-34.9","4.7","14.1","86.5","1413","12.9","-32.4","13.8","21.5","74.2","2748","-9.5","-66.8","19.1","13.3","93.6","2035","11","-21.6","14.8",,,,,,,,,,,,,"0.1","80","2646","-14","-47.8","14.3"
"Giolito, Lucas","608337","2022",".344",".318","47.7","92.6","2172","-5.4","-13.9","19","23.6","84.4","1959","3.5","-37.2","4.4","25.5","81","1448","-11.3","-30.5","16.2","3.2","79.2","2348","7.2","-56.3","14.6",,,,,,,,,,,,,,,,,,,,,,,,
"Irvin, Cole","608344","2022",".306",".324","37.5","90.7","1976","9.9","-17.2","19.1",,,,,,,"18.3","83","1553","13.3","-32.5","15.3","20.7","77.5","2074","-8.2","-49.6","10.2","21.5","90.3","1940","14.5","-21.7","18.9","2","87.1","2012","1.3","-28","8.6",,,,,,,,,,,,
"Wacha, Michael","608379","2022",".301",".329","33","93","2122","-6.7","-12.4","20.5",,,,,,,"29.8","84.3","1583","-12.5","-26.2","18","7.4","74.7","2173","10.3","-58.8","14.3","12.6","92.6","2052","-11.7","-15.3","20.4","17.2","88.8","2052","1.2","-23.4","11.5",,,,,,,,,,,,
"Márquez, Germán","608566","2022",".341",".327","30","95.6","2138","-9","-16.6","16.1","20.9","87.7","2390","0.3","-31.1","5","3","87.8","1595","-10.2","-27.7","13.2","22.1","86.5","2577","1.1","-38.3","3.3","24.1","95.1","2111","-14.3","-21.1","17.1",,,,,,,,,,,,,,,,,,
"Quantrill, Cal","615698","2022",".305",".321","2.7","93.5","2167","-6.6","-13.8","18.7",,,,,,,"11.8","85.3","1533","-12.3","-30","14.6","4.3","82.7","2447","3.7","-42.9","5.4","45.1","93.6","2105","-12.1","-16.3","19.3","36","88.5","2238","2.7","-27.8","8","0","83.2","1390","-15.7","-34.2","16.6",,,,,,
"Kaprielian, James","621076","2022",".322",".331","48.9","94","2006","-7.6","-15.5","17.4","23","85","2291","4.5","-34.3","7.6","10.1","85.2","1365","-8.3","-35.4","9.1","12.5","79.3","2496","7.3","-51.9","11.5","5.5","94.4","1931","-15.8","-20.1","19.2",,,,,,,,,,,,,,,,,,
"Berríos, José","621244","2022",".350",".346","27.7","94","2241","-10.6","-16.6","18",,,,,,,"15.4","84.6","1522","-14.4","-33.9","15.4",,,,,,,"25.9","93.9","2116","-16.6","-20.7","19.7",,,,,,,,,,,,,,,,,,
"Wood, Alex","622072","2022",".315",".310",,,,,,,"36","84.5","2067","-3.1","-41.1","4.9","18.5","85.7","1668","14.1","-37","14.3",,,,,,,"45.5","92.4","2041","15.6","-21.6","18.9",,,,,,,,,,,,,,,,,,
"Castillo, Luis","622491","2022",".273",".284","32.9","97.1","2354","-11.4","-15.4","17.9","21.1","86.5","2422","1.1","-36","2.4","22.3","88.4","1937","-17.3","-32.3","17.6",,,,,,,"23.7","96.9","2163","-17.8","-23.3","18.9",,,,,,,,,,,,,,,,,,
"Flexen, Chris","623167","2022",".315",".331","39.4","91.7","2132","-2.3","-13.7","19.2","6.1","81.1","2523","7","-43.1","8.3","16.1","81.1","1309","-12.6","-32.9","15.5","3.6","74.6","2651","8.4","-64.6","17.4","0.1","92.6","2169","-9","-12.9","21.1","32.5","87.4","2356","6.6","-28.4","10",,,,,,,"2.1","80.2","2587","12.6","-44.6","13.1"
"Suárez, Ranger","624133","2022",".314",".302","17.7","93.2","1894","6.6","-20.1","13.3","3.2","82.4","2114","-6.6","-38.8","7.4","21.5","84.9","1522","14.6","-32.3","16","7.8","76.6","2228","-9.7","-55.5","13.2","40.2","92.5","1907","16","-25.7","17.4","9.6","89.4","2016","-0.3","-26.8","8.1",,,,,,,,,,,,
"Urías, Julio","628711","2022",".263",".262","49.2","93.1","2521","3","-14.9","17",,,,,,,"17.5","86.2","1950","13.9","-30","15.6",,,,,,,,,,,,,,,,,,,,,,,,,,,,,,
"Manaea, Sean","640455","2022",".330",".312","51.5","91.3","2001","12.5","-20.2","18.1","13.1","81.6","2036","-3.8","-38.9","5.8","24.6","84.9","1436","13","-31.2","15","0.1","80.7","2016","-7.2","-38.7","8.5","9.5","90.8","2025","16.8","-23.3","19.7",,,,,,,,,,,,,"1.3","77.3","2014","-13.2","-44.7","13.6"
"López, Pablo","641154","2022",".305",".301","38.9","93.5","2196","-4.5","-17.9","14.3",,,,,,,"35.4","87.5","1965","-17.3","-32.3","17.8","8.1","80.9","2495","11","-51.7","14.9","8.1","93.4","1999","-14.7","-25.3","16.2","9.6","88.7","2229","2.3","-28.8","6.6",,,,,,,,,,,,
"Cortes Jr., Nestor","641482","2022",".245",".257","43.8","91.8","2270","4.1","-12.7","20.3",,,,,,,"4.4","82.9","1329","12.7","-33.9","14.5","0.3","72.1","2437","-9","-56.9","14.5","3.1","90.7","2261","10.8","-17.9","19","29.8","86.9","2370","-4.7","-27.4","10.1",,,,,,,"18.6","77.1","2521","-15.2","-42.4","16"
"Dunning, Dane","641540","2022",".344",".327","0.2","88","2034","-5.8","-26.6","10.9","27.9","78.7","2081","7.5","-48.5","9.1","20.2","84","1860","-17.2","-34.7","17.9","0","80.1","2215","10.1","-55.2","15.4","39.9","89.5","2004","-15.6","-28.8","16.7","11.8","87.1","2158","0.9","-26.6","9.6",,,,,,,,,,,,
"Hudson, Dakota","641712","2022",".326",".343","20.2","91.3","2169","-4.2","-24.3","9.8","26.3","87.8","2366","0.5","-30.7","5.5","4","86.5","1446","-12.4","-28.8","14.8","13.6","80.5","2420","7.4","-46.9","9.1","36","91.9","2060","-12.4","-26.3","14",,,,,,,,,,,,,,,,,,
"Keller, Brad","641745","2022",".337",".323","35.3","94.5","2409","2.4","-17.3","13.5","34.7","86.9","2541","5.7","-38.5","6.6","5.8","90.3","1618","-10.1","-24.7","13.8","1.5","87.8","2543","4.8","-37.5","5.6","22.7","93.4","2193","-10.4","-23.5","13.1",,,,,,,,,,,,,,,,,,
"Kuhl, Chad","641771","2022",".368",".352","2.5","92.9","2218","-9.3","-18","16.5","36.7","86.5","2541","3","-34.4","4.5","7.2","87.9","1699","-13.9","-29","15.6","11.5","79.5","2866","12.3","-54.6","16.7","42.2","92.8","2129","-14.4","-21.8","17.7",,,,,,,,,,,,,,,,,,
"Lauer, Eric","641778","2022",".310",".311","43.9","93.3","2289","9.8","-14.6","19.6","17.3","86.7","2286","-3.1","-32.3","6.6","3.1","87.2","1746","15","-27.3","17.5","15.9","78.2","2400","-6.4","-52.7","10.7",,,,,,,"19.8","89.7","2268","0.5","-23.1","11.1",,,,,,,,,,,,
"Mahle, Tyler","641816","2022",".303",".291","52","93.2","2293","-10.2","-13.5","20.8","11.4","83.9","2496","5","-36.8","5.9",,,,,,,,,,,,,,,,,,,"12.9","85.5","2397","1.8","-27","10.6","23.6","85.4","1895","-14.3","-27.6","17.7",,,,,,
"Alcantara, Sandy","645261","2022",".260",".266","25.1","98","2199","-12","-14.9","18.4","22","90","2355","0.3","-30.5","4.2","27.6","91.8","2056","-16.8","-28.9","17.3","0.3","86.2","2350","2.4","-39.3","3.8","25","97.8","2293","-17.7","-21.3","19.3",,,,,,,,,,,,,,,,,,
"Cease, Dylan","656302","2022",".263",".257","39.8","96.8","2507","-3","-10.3","19.3","42.9","87.4","2833","4","-35","5","2.4","77.9","1720","-8.3","-29.9","17.5","13.9","81.1","2697","3.6","-59.1","17.7","1","96.5","2492","-7.8","-10.8","20.4",,,,,,,,,,,,,,,,,,
"Keller, Mitch","656605","2022",".323",".318","33.3","95.5","2422","-7.3","-15.2","16.7","6.3","87.1","2452","4.9","-36.2","5.9","6.5","91.2","1633","-14.8","-28.1","15.8","15.4","78.7","2576","11.2","-60","19","22.2","94.4","2366","-14.8","-19.7","18.6",,,,,,,,,,,,,"16.2","83.2","2691","17.4","-42","17.7"
"Montgomery, Jordan","656756","2022",".291",".310","17.1","93","2305","8.7","-16.8","17.4",,,,,,,"22.2","82.3","1679","10.9","-28.5","16.3","22.3","80.2","2263","-2.9","-47.7","6.2","34.6","93","2211","16.9","-21.9","19.7","3.8","88.3","2387","-0.1","-25.7","9.7",,,,,,,,,,,,
"Rasmussen, Drew","656876","2022",".270",".290","35.7","95.5","2398","-2.3","-13.6","16.9","0.5","85.4","2514","1","-43.1","5.7",,,,,,,"4.4","79.6","2692","4","-59.5","16.4","3.9","94.9","2402","-11.9","-14.2","20.4","32.5","90.3","2612","1.4","-29.3","5.2",,,,,,,"23","84.6","2470","12.4","-42.2","13.2"
"Steele, Justin","657006","2022",".296",".295","56.4","92.2","2490","-1.6","-19.4","12.9","31.1","82","2687","-14","-43.3","14.5","2.1","87.8","1697","10.8","-24.2","15.9","2.6","78.4","2539","-11.9","-53","14.7","7.8","91.7","2430","9.2","-20.3","15.7",,,,,,,,,,,,,,,,,,
"Wright, Kyle","657140","2022",".288",".306","19.3","95.1","2384","-11.4","-17.7","17","7.2","90.1","2395","-1","-25.5","8.2","15.5","88.1","1699","-15.9","-35","16.1","34.1","84.7","2723","9","-46.6","12.7","23.9","94.4","2260","-16.6","-25.9","17.5",,,,,,,,,,,,,,,,,,
"Otto Jr., Glenn","657248","2022",".325",".343","23.2","92.1","2264","-4.2","-17.1","16",,,,,,,"7.5","88.1","1681","-14.3","-26","17.2","15","81.2","2461","6.6","-52.3","12.7","26.8","92.2","2235","-13.8","-22.4","17.2",,,,,,,,,,,,,"27.5","81.1","2590","16.5","-42.4","16.8"
"Webb, Logan","657277","2022",".283",".295","3.2","92.4","2069","-9.3","-22.4","13.5","32.7","82.5","2628","10.2","-39.4","10.5","31.2","86.4","1493","-7.1","-42","9.3",,,,,,,"32.9","91.8","1881","-14.8","-34.8","15.2",,,,,,,,,,,,,,,,,,
"Ryan, Joe","657746","2022",".294",".294","60.1","92","2194","-10.7","-17.5","18.4","17.1","82.3","2136","3.2","-37.4","5.1","10.4","84.8","2074","-17.4","-29.2","19.7","7","74.9","2371","10.7","-56.3","13.3",,,,,,,,,,,,,"1.9","83.7","2152","-16.3","-29.7","19.1","3.5","80.1","2265","8.7","-40.5","9.8"
"Ohtani, Shohei","660271","2022",".255",".256","27.3","97.3","2217","-3.5","-14.5","15","2.4","85.2","2498","7","-43.5","9.3",,,,,,,"8.5","77.6","2482","11.2","-59.6","17.6","3.7","97.2","1973","-16.2","-22.4","17.7","8.9","90.7","2378","3.6","-27.4","7.4","11.9","89.3","1274","-5.5","-31.9","6.8","37.4","85.3","2492","14","-32.7","15.3"
"Bubic, Kris","663460","2022",".371",".362","50.5","91.9","2134","7.7","-15.9","18.3",,,,,,,"27.8","80.7","1690","14.3","-33.2","17","21.7","79.4","2609","-7.6","-56.4","15.1",,,,,,,,,,,,,,,,,,,,,,,,
"McKenzie, Triston","663474","2022",".268",".293","56.1","92.5","2312","-3","-11.6","20.8","21.9","87.3","2197","5.3","-25.7","11.6",,,,,,,"21.9","79.4","2198","7.9","-51.3","11.5",,,,,,,,,,,,,,,,,,,,,,,,
"McClanahan, Shane","663556","2022",".248",".261","35.6","96.7","2233","10.8","-11.7","20.9","15.4","89.3","2348","-3.6","-30.5","6.1","25.4","87.7","1732","16","-25.4","19.4","23.5","82","2628","-7.6","-52.1","13.7",,,,,,,,,,,,,,,,,,,,,,,,
"Lynch IV, Daniel","663738","2022",".352",".345","42.8","94","2125","6.8","-15.2","17.2","29.6","86","2018","-0.4","-33.6","3.7","18.2","84.8","1671","13.2","-27.7","17","6","81.6","2096","-1.7","-45.4","5.6","3.4","93.4","2062","13.9","-19.2","18.6",,,,,,,,,,,,,,,,,,
"Sandoval, Patrick","663776","2022",".294",".307","22.8","93.1","2037","4","-15.1","17.2","29.2","86.3","2551","-6.6","-35.6","7.5","24.6","83.7","1608","14.3","-30.6","16.8","9.2","78.6","2779","-7.6","-56.5","14.4","14.2","93.4","1924","13.7","-19","18.6",,,,,,,,,,,,,,,,,,
"Singer, Brady","663903","2022",".300",".309","0.5","92.6","2327","-7.6","-20.2","14","38","85.5","2341","3.6","-36.8","4.3","7.7","86.9","2229","-14.5","-24.3","18.9",,,,,,,"53.8","93.8","2297","-14.9","-20.6","18.3",,,,,,,,,,,,,,,,,,
"Brubaker, JT","664141","2022",".339",".329","5.9","92.7","2156","-9.3","-16.2","18.5","31","86.7","2653","0.9","-34.3","2.9","5.1","87.2","1880","-15.2","-29.6","16.7","16","80","2813","6.5","-50.9","10.9","41.9","93.1","2281","-16.1","-21.7","19",,,,,,,,,,,,,,,,,,
"Valdez, Framber","664285","2022",".272",".284","3.6","94.1","2192","7.4","-22.1","11.8",,,,,,,"9","88.7","1631","15.3","-33","15.7","28","79.1","2848","-11.7","-60.5","20.1","49","93.9","2203","14.4","-24.2","16.2","10.3","83","2673","-3.7","-45","6.9",,,,,,,,,,,,
"Javier, Cristian","664299","2022",".251",".244","60.1","93.8","2354","-7.3","-12.3","20.4","27.6","79.9","2621","15.1","-40.2","15.8","3.9","85.2","2214","-14.5","-28.2","17.6","8.4","76.5","2884","13.2","-56.4","16.4",,,,,,,,,,,,,,,,,,,,,,,,
"Urquidy, José","664353","2022",".316",".329","52.7","93.5","2201","-7.7","-11.7","21.3",,,,,,,"14.8","86.1","2006","-15.8","-23.6","20.9","14.1","78.1","2628","7.4","-60.3","16.9",,,,,,,"4.8","87.4","2508","4.2","-29.7","8.2",,,,,,,"13.5","80.1","2623","14.5","-41.9","14.9"
"Kremer, Dean","665152","2022",".312",".326","32.7","93.5","2235","-8.9","-14.8","18.9",,,,,,,"15.4","83.7","1580","-15.1","-37.8","15.6","12.3","76.5","2697","11.1","-62.2","18.6","8.7","91.7","2139","-16","-20.5","20.3","30.9","88","2478","4.7","-27.1","9.9",,,,,,,,,,,,
"Manoah, Alek","666201","2022",".261",".284","35.8","93.9","2369","-5.5","-14.3","17.8","27.1","81.5","2216","14.5","-41","14.7","11.2","86.5","1980","-14.5","-27.3","17.7",,,,,,,"25.9","93.3","2193","-14.7","-21.2","18.2",,,,,,,,,,,,,,,,,,
"Plesac, Zach","668676","2022",".324",".351","43","91.9","2148","-7.4","-13.6","20.3","24.3","85.4","2125","1.4","-29.9","7.7","22.1","85.7","1626","-11.4","-24.9","17","10.4","79.3","2182","1.9","-52.8","9.8","0.2","89.4","2080","-13.6","-19","20.2",,,,,,,,,,,,,,,,,,
"Gallen, Zac","668678","2022",".250",".278","48","94.1","2420","-3.4","-13.4","18","0.9","86.7","2513","7.5","-35.6","8.4","14.2","86.2","1539","-11.9","-32.8","12.9","21.9","81.6","2515","6.7","-53.5","14","0","94.7","2216","-14.4","-16.3","20.3","14.9","89.9","2424","5.3","-26.7","9.3",,,,,,,,,,,,
"Greene, Hunter","668881","2022",".318",".310","53.7","98.9","2368","-11.7","-12.1","20","41","88.1","2363","4.6","-32","6.2","5.3","90.1","1993","-11.3","-21.8","16.8",,,,,,,,,,,,,,,,,,,,,,,,,,,,,,
"Wilson, Bryse","669060","2022",".356",".358","23.7","92.7","2034","-8.5","-17.4","16.8","11.1","82.5","2194","6.3","-37.9","7.3","9.5","86.1","1612","-14.4","-32.4","15.3","13.6","77.5","2299","16.1","-49","16.7","32.8","92.1","1958","-16.1","-24.3","18.1","3.9","86","2065","1.6","-31.1","6.7","5.4","83.3","1218","-10.1","-35.4","11.3",,,,,,
"Burnes, Corbin","669203","2022",".267",".273","0.5","96.1","2578","-5.1","-13.8","16.6","9.2","88.2","2801","7.4","-35.1","8","9.8","90.3","2044","-14.4","-26.5","16.3","18.4","81.6","2761","9.8","-47.5","12","6.7","96.2","2493","-11.6","-17.3","17.1","55.4","95","2626","4.4","-18.7","12.5",,,,,,,,,,,,
"Gilbert, Logan","669302","2022",".299",".314","53.9","96.1","2135","-6.4","-11.9","19","24.2","86.9","2289","6.1","-31.6","8.1","8","86.2","1752","-15.3","-28.3","17.7","12.5","80.8","2117","4.2","-50.1","9.6","1.4","94.7","1973","-13.7","-18.1","18.6",,,,,,,,,,,,,,,,,,
"Bieber, Shane","669456","2022",".269",".292","34.4","91.3","2206","-8.5","-15.3","19.7","29.5","85","2515","2.8","-35.1","4.5","2.3","86.4","1557","-12.9","-30.3","14.8","17.9","82","2197","9.9","-51.6","15",,,,,,,"15.8","86.9","2497","1.9","-27","9.3",,,,,,,,,,,,
"Kirby, George","669923","2022",".302",".284","45.4","95.3","2179","-8.8","-15.1","17.4","8.9","85.5","2185","10.1","-38.1","11.1","8","86","1471","-15.3","-33.5","15.9","13.3","80.8","2179","9.9","-53.6","15.3","12.2","94.7","2236","-16.2","-20.6","19.1","12.2","88.3","2149","3.8","-30.2","6.6",,,,,,,,,,,,
"Detmers, Reid","672282","2022",".300",".312","44.1","93.2","2102","10.1","-14.7","19.9","24","86.3","2140","-2.4","-37.3","4.8","11.3","84.2","1435","13.5","-29.6","16.4","18.2","73.1","2476","-12.2","-67","19.5","0.9","93.7","2127","15.5","-17.3","21",,,,,,,,,,,,,"1.6","80.2","2229","-14.8","-47.3","15.8"
"Strider, Spencer","675911","2022",".235",".242","67","98.2","2343","-5.1","-10.7","18.5","28.2","86.3","2388","5.2","-35.6","5.7","4.8","88.9","2126","-14.8","-25","17.7",,,,,,,,,,,,,,,,,,,,,,,,,,,,,,
"Garcia, Luis","677651","2022",".295",".294","42.1","94","2408","-7.5","-13.1","19.7","8.7","79.5","2525","15.2","-45.2","15.5","9.4","84.8","2032","-17","-28","19.9","10.2","77.1","2577","5.9","-57.1","12.5","0.2","90.6","2232","-16.9","-19.6","22","29.5","85.3","2354","5.1","-32.2","7.8",,,,,,,,,,,,
"Gray, Josiah","680686","2022",".350",".319","38.9","94.4","2216","-10","-13","20.5","29","85.8","2030","1.6","-31.6","6.1","2.8","88.1","2056","-16.2","-25.3","19.2","24.8","82.7","2490","2","-45.4","6.2","4","94.8","2281","-15.5","-16.7","20.9","0.5","87.4","2028","0.6","-29.6","6.5",,,,,,,,,,,,
"Bradish, Kyle","680694","2022",".334",".327","44.5","94.6","2305","1.3","-14.4","16.3","29.8","86.9","2483","10.8","-37.4","11.6","8.5","89.9","1427","-12.2","-24.3","15.7","12.9","83.2","2517","5.8","-53.1","14.7","4.4","95.3","2156","-11.8","-15.3","19.2",,,,,,,,,,,,,,,,,,
"Greinke, Zack","425844","2023",".332",".344","26.5","89.5","2248","-2.9","-18.2","16.2","20","79.2","2464","13.6","-41.2","14.2","16.6","86.5","1758","-13.2","-32.1","14.2","14.1","72.4","2408","11.5","-63.2","15.9","15.7","89.8","2206","-14.8","-24.3","17.8","7","85.2","2437","6.9","-33.2","9",,,,,,,,,,,,
"Verlander, Justin","434378","2023",".284",".295","50","94.3","2428","-8","-12.2","20.5","25.3","86.9","2512","4.4","-32.4","6.5","4.7","85.2","1824","-15.4","-28.9","18","20","78.2","2716","7","-58.2","15.1",,,,,,,,,,,,,,,,,,,,,,,,
"Hill, Rich","448179","2023",".359",".360","34.2","88.4","2203","6.3","-17.6","18.6","1.9","77.3","2410","-13.1","-42.8","14","2.2","83","1628","12.1","-33.6","13.9","36.1","71.9","2613","-16.8","-66.4","21.2","4","86.1","2142","15.9","-30.8","17.4","14.7","83.3","2317","-3.4","-32.6","7.7",,,,,,,"6.9","69.4","2523","-21.3","-57","21.5"
"Morton, Charlie","450203","2023",".318",".330","31.6","94.9","2308","-13.2","-19.5","17.3",,,,,,,"10.3","86","2131","-17.2","-36.7","17.3","43.2","82.3","3088","13.6","-48.3","15.9","7","94.2","2149","-17.8","-25.7","18.7","7.9","89.1","2480","-0.5","-27.1","7.4",,,,,,,,,,,,
"Scherzer, Max","453286","2023",".298",".281","46.3","93.7","2360","-10.8","-15.5","19.3","16.8","84","2300","3.4","-37.2","4.3","14.1","83.8","1365","-14.4","-36.1","14.9","12.4","75.4","2718","14.8","-58.1","17.7",,,,,,,"10.4","88.4","2399","1.5","-27.4","7.9",,,,,,,,,,,,
"Lynn, Lance","458681","2023",".347",".337","43.4","92.4","2425","-3.2","-18.4","14.1","6.1","83","2463","3.7","-42.6","5.4","7","84.9","1805","-14.1","-31.7","15.6","7.4","80.8","2507","14.1","-42.8","14.4","12.7","91.4","2258","-11.7","-25.7","13.8","23.2","88.7","2573","2.6","-28.8","7",,,,,,,"0.2","81.3","2510","10","-38.3","10.8"
"Kershaw, Clayton","477132","2023",".280",".300","36.9","90.7","2325","-0.1","-15.1","18.3","43.4","86.5","2475","-5.4","-29.8","9.2","1.7","84.6","1780","11.5","-23.1","19.1","17.5","73.4","2293","-3.9","-66.9","16.3","0.2","90.9","2227","8.7","-16","19.3",,,,,,,"0.2","84.4","1449","9.6","-25.8","15.9",,,,,,
"Gibson, Kyle","502043","2023",".326",".335","13.4","92.1","2260","-5.5","-15.7","17.6",,,,,,,"17","85.5","1679","-14","-33.3","14.7","8.4","79.5","2446","6.4","-50.8","10","26.1","91.9","2116","-14.3","-24.2","16.6","16.6","89.8","2352","1.3","-23.2","10.9",,,,,,,"18.5","81.6","2459","10.6","-40","11.1"
"Cobb, Alex","502171","2023",".325",".333","0.3","95.8","2140","-6.6","-17.5","14.7","5.1","86.2","2623","11","-40.1","11.8",,,,,,,"16.2","83.6","2668","7.8","-52.3","15.3","39.7","94.5","2085","-16","-23.7","17.6",,,,,,,"38.7","89.5","1565","-13.1","-32.2","13.6",,,,,,
"Darvish, Yu","506433","2023",".321",".302","16.6","94.7","2406","-6.6","-13.3","18.7","17.5","85.7","2828","5.6","-38.8","6.6","0.1","82.3","1198","-11.1","-31.5","15","11.7","76.3","2716","10.8","-61.8","17.6","18.6","94.3","2272","-14.6","-20.8","18","9.1","90.9","2603","2.1","-23.7","9.9","7.8","89.2","1450","-7","-29.8","9","18.5","82.4","2792","17.2","-40.4","17.5"
"Kelly, Merrill","518876","2023",".294",".313","30","92.2","2345","-7.4","-17.4","16.5","5.5","85.4","2320","1.6","-34.3","4.1","23.1","88.7","2138","-15.7","-33.8","15.8","11","82.1","2569","8.9","-51","13.8","12.2","92.4","2204","-15.5","-25.7","17","18.1","90.8","2350","-1.3","-20.6","12.6",,,,,,,,,,,,
"Pérez, Martín","527048","2023",".335",".338","3.9","91.8","2023","11.1","-17.4","18.8","1","83.4","2310","-3.5","-32.9","7.8","26.5","84.1","1680","14.7","-30.2","17.1","3.7","79.1","2443","-3.7","-48.4","6.4","42.9","91.6","1964","16.4","-22.9","19.2","22.1","89.2","2179","2.5","-21.7","13.1",,,,,,,,,,,,
"Anderson, Tyler","542881","2023",".345",".340","37.3","90.1","2218","4.9","-15.1","19.4","0.5","78.3","2344","-5.5","-41.8","8.1","33.8","80","1861","13","-31.3","17.5","0.2","73.2","2247","-0.5","-59.3","8.6","5.6","88.5","2227","17.9","-28.4","19.5","22.4","85.1","2439","-3.3","-26.5","11.9",,,,,,,"0.2","76.6","2388","-13.2","-45","13.9"
"Cole, Gerrit","543037","2023",".256",".289","53","96.7","2412","-8.4","-12","19.4","20.8","89.1","2542","4.7","-32.6","5.7","7.1","89.1","1581","-14.2","-24.4","17.7","12.1","82.9","2783","10.1","-53.9","17.2",,,,,,,"7","92.7","2511","2.8","-20.8","11.4",,,,,,,,,,,,
"Eovaldi, Nathan","543135","2023",".296",".308","37.2","95.1","2168","-12.5","-16.7","18.6","4","83.9","2145","6.8","-37.7","7.2",,,,,,,"13.5","76","1956","9.2","-56.2","12.9",,,,,,,"17.6","90.6","2325","0.6","-23.3","10.3","27.6","87.9","1641","-13.4","-33.8","13.7",,,,,,
"Gray, Sonny","543243","2023",".270",".296","27.2","92.9","2537","0.5","-19","12.7",,,,,,,"6.7","87.9","1715","-13.6","-29.6","15.2","16.9","79.5","2643","12.9","-58.1","19.4","15.7","92.8","2443","-10.7","-22.1","14.5","13.1","87.6","2712","5.4","-34.6","6.5",,,,,,,"20.4","84.3","2707","15.6","-44.8","17"
"Hendricks, Kyle","543294","2023",".296",".313","20.3","87.8","2134","-5","-20.8","15.6",,,,,,,"41.1","80.7","2156","-10.4","-33.5","14.3","3.5","73.3","2872","15.7","-61.1","18.7","35.1","87.5","2027","-12.2","-28.8","14",,,,,,,,,,,,,,,,,,
"Lyles, Jordan","543475","2023",".340",".340","30.5","91.2","2250","-6.1","-16.5","17.5","0","81.7","2344","4.2","-33.9","8","10.9","85.5","1677","-13.3","-30.8","15.2","13.1","79.4","2437","6.8","-59","16.9","13.1","90.5","2136","-12.8","-21.8","17.4","7.6","86.8","2411","3.8","-29.3","7.9",,,,,,,"24.6","80.2","2515","14.2","-41.4","14.6"
"Lorenzen, Michael","547179","2023",".304",".327","34.7","94.3","2452","-11.8","-14.8","20","23.2","85.2","2542","2.5","-37.6","3.4","21.6","84.5","2094","-15.9","-29.1","18.6","1.2","82.3","2624","3.7","-52.9","13.3","12","93.7","2331","-16","-19.7","19.7","0.9","90.8","2648","-0.2","-25","8.4",,,,,,,"6.4","83.1","2569","10.6","-39.8","10.9"
"Wheeler, Zack","554430","2023",".277",".277","43.4","95.8","2495","-6.3","-14.5","16.7",,,,,,,"0.4","90.8","1796","-15.1","-22.7","18.5","11.4","81.4","2742","10","-51.7","14.5","18.1","95.2","2315","-15.6","-22","17.8","14.4","90.9","2571","2.5","-27","7.3",,,,,,,"12.3","84.4","2635","13.5","-36.6","14.1"
"Corbin, Patrick","571578","2023",".353",".373","16.9","91.8","2095","8.3","-18.7","16.2","35","80.5","2150","-2.6","-42.1","3.3","6.4","81.2","1563","12.7","-32.7","15.6",,,,,,,"41.6","92.1","2039","14.6","-21.9","18.1",,,,,,,,,,,,,,,,,,
"Heaney, Andrew","571760","2023",".335",".327","57.9","92.5","2413","15.9","-18.3","21.2","25.2","82","2530","-5.7","-40.9","6.8","16.9","84","2117","17.7","-33","18.8","0","74.4","2394","-9.9","-53.6","10.9",,,,,,,,,,,,,,,,,,,,,,,,
"Mikolas, Miles","571945","2023",".330",".354","26","93.3","2275","-5.6","-16.3","16.2","24.3","86.4","2335","3.7","-33.4","5.6","5.4","84.4","1640","-14","-30.1","16.8","20","75.8","2490","7.8","-63","17","24.4","92.7","2193","-14.2","-20.7","18.2",,,,,,,,,,,,,,,,,,
"Stroman, Marcus","573186","2023",".285",".318","8.2","92","2412","-6.7","-17","16.8","5.2","86.1","2784","4.6","-41.1","6.9",,,,,,,,,,,,,"46.4","91.4","2286","-10.9","-29.7","11.5","9.5","89.7","2603","1.4","-29.5","5.2","7.7","86.6","1778","-13.8","-34.7","14.2",,,,,,
"Kikuchi, Yusei","579328","2023",".319",".319","45","95.1","2340","9.8","-14.2","19","25.9","88.7","2427","-2.5","-31.5","5.2","9.7","88.7","1724","9.1","-27.4","12","19.3","83.1","2536","-6.1","-43.1","7.9",,,,,,,,,,,,,,,,,,,,,,,,
"Gausman, Kevin","592332","2023",".292",".303","50.8","94.7","2278","-10.6","-13.8","20.1","10.2","84","2236","1","-34.2","5.2",,,,,,,,,,,,,,,,,,,,,,,,,"38.4","86.3","1787","-16.3","-32.2","17.2","0.6","77.6","2237","11.8","-38.2","15"
"Gray, Jon","592351","2023",".317",".325","42.4","95.7","2010","-10","-16.9","16.6","33.5","87.9","2383","3.5","-32.1","5.3","11.6","88.8","1455","-14.4","-27.9","16.2","6.2","78.2","2499","12.2","-53.8","15.2",,,,,,,,,,,,,,,,,,,"6.3","83.3","2499","11.6","-35.1","12.8"
"Smyly, Drew","592767","2023",".348",".313",,,,,,,,,,,,,,,,,,,"49.4","78.6","2120","3.2","-46.3","4.3","38.9","91.9","2055","8.2","-16","18.5","11.7","88.6","2071","3.6","-26.4","9.6",,,,,,,,,,,,
"Taillon, Jameson","592791","2023",".322",".332","33.9","93.7","2329","-7.6","-14.2","18.6","0.4","82.2","2763","7.9","-30.2","12.8","3.1","86.5","1867","-14.5","-26.5","17.6","15.1","80.5","2726","10.4","-52.1","14.5","10.6","94","2270","-13.7","-16.9","19.7","22.2","88.6","2545","4","-23.4","12.3",,,,,,,"14.8","80.9","2706","14.6","-40","15"
"Walker, Taijuan","592836","2023",".313",".322","17.4","92.9","2113","-9","-15.2","19",,,,,,,,,,,,,"5.7","74.8","2352","7.8","-60.3","13.8","23.4","92.4","1964","-15.4","-20.6","19.3","17.5","87.2","2382","2.8","-25.3","11.3","33.2","87.9","1414","-11.8","-33","12.4","2.8","82.5","2588","10.3","-33.1","13.1"
"Williams, Trevor","592866","2023",".377",".360","43.2","89.7","2204","-6.4","-22.6","13.2","15.5","81.7","2180","5.6","-37.8","6.7","17","83.3","1686","-14.4","-36.3","14.9","6.9","76.7","2232","8.7","-48.7","9.2","14.6","88.2","1867","-15.2","-32.2","15.7",,,,,,,,,,,,,"2.7","76.7","2236","14.3","-41.6","15.5"
"Rodriguez, Eduardo","593958","2023",".284",".310","45.3","92.2","2165","5.8","-17.5","15.9","7.2","84.5","2120","-2.2","-37.2","4","18.9","85.9","1879","16.2","-31.6","17.3",,,,,,,"9.3","92.4","2159","13.6","-21.2","17.5","19.4","88.8","2171","-1.4","-24.4","10.5",,,,,,,,,,,,
"Weaver, Luke","596133","2023",".385",".357","43.6","94","2395","-7.5","-15","17.9","10.7","86.5","2283","3.2","-29.9","7.7","20","86.1","1714","-13.3","-28.8","16","10.8","81.6","2229","2.2","-47.6","7.2",,,,,,,"10.9","90.3","2410","1.6","-20.4","13.3",,,,,,,"4","83.2","2335","8.9","-42.2","9.6"
"Gomber, Austin","596295","2023",".368",".362","43.9","90.6","2170","7.1","-16.1","18.6","20","84.8","2394","-4.7","-32.8","7","18.1","81.6","1642","9.5","-30.3","14.3","16.8","77.6","2521","-7.6","-56.4","13.7","1.3","90.6","2134","12","-15.6","21.7",,,,,,,,,,,,,,,,,,
"Pivetta, Nick","601713","2023",".296",".308","50.6","94.6","2347","-4","-10.7","20.5","11.1","86.6","2392","6.3","-32.4","8.1",,,,,,,"24.7","79.4","2796","8","-61.3","19.2",,,,,,,"7.8","88.3","2421","5.5","-30.8","7.3","0.5","84.8","1268","-4.7","-31.2","8.8","5.4","84.2","2494","14.2","-34","15.2"
"Bassitt, Chris","605135","2023",".304",".310","9.3","92.4","2154","-5.1","-18.8","14.3","4.7","80.3","2333","7.6","-43.8","8.6","6.6","84.1","1932","-17.2","-30.6","19.2","12.6","70.7","2269","14","-70","20","39.3","91.9","2096","-15.9","-23.8","18.3","15.3","87.8","2205","2.6","-27.4","8.8","3.3","82.6","1406","-13.6","-36.1","15","9","73.1","2286","18.3","-53.8","18.6"
"Clevinger, Mike","605182","2023",".312",".312","47.7","94.3","2267","-7.2","-13.4","19","27.2","79.4","2353","15.1","-46.3","15.6","12.9","86.1","1530","-13.9","-27.8","16.7","1.5","76","2212","7.8","-64.1","18.1","2.6","93.3","2142","-13.7","-17","20","8.1","85","2392","4.5","-36.5","5.5",,,,,,,,,,,,
"Nola, Aaron","605400","2023",".303",".298","29.4","92.7","2304","-12.2","-16.8","19.5",,,,,,,"12.6","85.9","1558","-14.8","-32.4","15.8","31.6","79.4","2591","12.5","-54.8","16.8","18.9","91.8","2222","-17.4","-23.5","19.7","7.5","86.3","2266","0.8","-30.2","6.8",,,,,,,,,,,,
"Snell, Blake","605483","2023",".266",".300","48.6","95.5","2430","4.6","-11.4","19.4","13.1","88.4","2345","-3","-28","8.2","18.4","86.7","1796","12.8","-25.5","17","19.8","81","2399","-12.6","-52.6","16.4",,,,,,,,,,,,,,,,,,,,,,,,
"Rea, Colin","607067","2023",".313",".323","19.2","93.2","2154","-7","-16.8","16.4",,,,,,,,,,,,,"7.7","78.7","2203","9.1","-55.5","14.5","29.9","92.6","2136","-15","-22.5","17.9","26.5","86.7","2185","3.2","-30.5","6.9","5.6","86","1514","-14.6","-31","16","11.1","83.1","2208","10.1","-39.4","10.6"
"Freeland, Kyle","607536","2023",".360",".361","18.4","88.8","2345","6.3","-20.3","15.6","23.6","84.1","2273","-1.4","-33.6","5.3","12.1","84.3","1598","11.3","-30.2","14.1","17.6","80.6","2386","-2.4","-47.1","6.1","28.3","88.7","2302","13.4","-27.7","15.2",,,,,,,,,,,,,,,,,,
"Lugo, Seth","607625","2023",".306",".323","31.8","93.4","2267","-6.5","-14.5","18.2","9.1","85.8","2588","5","-34.1","7","5.9","86.2","1543","-9.8","-31.1","11.8","29.4","79.6","3240","12.4","-60","20.5","20","93.2","2332","-15.6","-21.4","18.7",,,,,,,,,,,,,"3.8","81.4","2925","16.2","-43","17.1"
"Giolito, Lucas","608337","2023",".339",".329","41.9","93.1","2173","-5.5","-13.5","19.1","28.2","84","1978","1.6","-38.3","3","28.3","80.9","1547","-12.8","-30.7","17","1.5","77.9","2334","6.2","-60.3","16.2",,,,,,,,,,,,,,,,,,,,,,,,
"Wacha, Michael","608379","2023",".291",".318","28.7","92","2050","-7.3","-13.8","20.1",,,,,,,"34.5","81.6","1522","-14","-31.9","17.8","11","74","2150","12","-62.7","17.1","13.4","91.9","1897","-14.3","-17.4","20.9","12.4","86.9","2036","0.7","-25.1","11.2",,,,,,,,,,,,
"Eflin, Zach","621107","2023",".276",".270","6.2","92.9","2218","-7.8","-17.7","16.3","0.3","84.1","2292","5.8","-38.2","6.1","5.1","86.4","1615","-15.8","-32","16.7","26.5","79.1","2502","11.5","-51.3","13.9","31.9","92.2","2100","-16.7","-26.4","17.9","26.1","88.5","2236","2.4","-26.3","9.2",,,,,,,"4","79.7","2479","16.8","-43.1","17"
"Berríos, José","621244","2023",".302",".326","20.4","94.3","2227","-8.9","-15","18.3",,,,,,,"18.5","84.1","1436","-14.2","-34.4","15.1",,,,,,,"31.5","93.8","2118","-15.6","-19.2","19.8",,,,,,,,,,,,,,,,,,
"Castillo, Luis","622491","2023",".289",".302","44.4","96.3","2287","-12","-16","18.2","22.1","85.7","2347","1.1","-36.9","2.7","15.6","88.3","1906","-17.8","-33.7","18",,,,,,,"17.9","95.9","2098","-18.5","-25","19.2",,,,,,,,,,,,,,,,,,
"Suárez, Ranger","624133","2023",".325",".321","21.5","93.4","1976","6.8","-18.5","14.7","0.6","83.9","2082","-4.9","-37.9","5.3","18.4","82.9","1447","13.7","-34.9","14.7","19","75.8","2175","-11.3","-58.2","15.5","28","92.8","1929","15.9","-25.8","17.1","12.5","87.6","2059","-2.3","-30.6","6.1",,,,,,,,,,,,
"López, Pablo","641154","2023",".294",".269","34.5","94.9","2262","-5","-16","15.3",,,,,,,"21.1","88.4","2067","-16.5","-29.2","17.6","12.5","82.5","2655","9","-50.6","13.9","10.6","94.5","2114","-14.2","-22.4","16.5",,,,,,,,,,,,,"21.4","84.4","2495","13.2","-38.7","13.6"
"Dunning, Dane","641540","2023",".310",".325","3.2","90.5","2135","-6.1","-21.7","13.5","23.4","82.1","2361","3","-42","4","15.6","85.7","1775","-16.9","-32.4","17.7","4.7","77.7","2173","10.5","-60.6","18.3","33.1","91","2055","-14.1","-25.4","16.3","20","88.9","2190","1.1","-24.4","10.3",,,,,,,,,,,,
"France, J.P.","641585","2023",".319",".337","43.1","93","2426","-1.5","-16.1","15.8",,,,,,,"15.2","81.8","1867","-15.1","-31.1","18.2","13.7","76","2533","9.9","-66.3","20.6",,,,,,,"18.9","86.8","2667","6.1","-31.2","9",,,,,,,"9.1","80.1","2635","15.4","-43.3","15.7"
"Ober, Bailey","641927","2023",".294",".295","45.7","91.3","2313","-7.5","-16.2","18.2","19.6","81","2105","11.5","-39.7","12.3","28","83.7","2084","-17.2","-33.7","18.2","6.7","77.5","2182","8.8","-54.9","13.1",,,,,,,,,,,,,,,,,,,,,,,,
"Peralta, Freddy","642547","2023",".291",".284","51.2","94.4","2414","-6.9","-15.3","17.1","21.7","82.4","2342","7.4","-37.4","9","14.6","88.6","1707","-14.2","-30.2","15.2","12.5","77","2177","4.2","-51.7","7.2",,,,,,,,,,,,,,,,,,,,,,,,
"Alcantara, Sandy","645261","2023",".301",".320","21.3","98","2254","-11.9","-15.1","18.1","20.1","89.9","2367","0.5","-29.8","4.8","27.3","91.1","1968","-16.3","-29.3","16.9","2.2","86.1","2462","3.4","-39.6","5","29","97.6","2329","-17.6","-21.4","19.2",,,,,,,,,,,,,,,,,,
"Civale, Aaron","650644","2023",".288",".297","12.3","91.8","2384","-5","-14.1","19.1","5.6","82.4","2868","11.7","-38.5","12.4",,,,,,,"24.5","78.1","2985","10.9","-61.3","19.4","18.6","92.4","2271","-13.9","-19.1","19.1","37.4","87.7","2596","3.7","-27.8","9.1","1.7","85.2","2067","-16.9","-28.6","19.2",,,,,,
"Canning, Griffin","656288","2023",".315",".309","35","94.7","2139","-7.4","-14.8","17.5","29.9","88.4","2728","0.1","-38.3","4.4","21.2","90.2","1810","-16.3","-29.3","17.1","13.4","81.8","2406","12","-48.3","14.3","0.4","95.1","2058","-14.5","-16.9","20",,,,,,,,,,,,,,,,,,
"Cease, Dylan","656302","2023",".321",".313","43.2","95.6","2519","-3.2","-11.2","19.2","38.6","86.3","2795","2.5","-34.7","3.9","3","74.6","1678","-7","-33.3","17.4","15.2","80.2","2641","3.6","-58.5","16.3",,,,,,,,,,,,,,,,,,,,,,,,
"Flaherty, Jack","656427","2023",".356",".343","41.7","93.1","2306","-2.3","-17.9","13.8","24.6","84.2","2464","7.2","-37.4","7.7","3.3","85.3","1624","-11.9","-31.7","13.5","19.4","76.2","2494","14.2","-56.7","17.1","2","90.1","2041","-10.3","-25.3","13.6","9.1","88.7","2291","4.8","-28.5","8.2",,,,,,,,,,,,
"Keller, Mitch","656605","2023",".310",".315","26.1","95.2","2377","-9","-15.2","17.6",,,,,,,"2.9","90.7","1645","-15.5","-29.8","16.1","8","78","2604","12.5","-59.9","19.1","22.7","93.9","2376","-15.6","-21.9","18.2","24.2","89.7","2456","3.6","-28.3","7.2",,,,,,,"16.1","82.8","2757","18.5","-40.5","18.7"
"Kopech, Michael","656629","2023",".363",".363","61.4","95.2","2501","-9","-13.1","19.6","27.2","84.8","2340","5.4","-38","6.2","7.4","88.7","1794","-14.6","-27.2","16.7","4","80.6","2387","6.4","-49.4","9.9",,,,,,,,,,,,,,,,,,,,,,,,
"Megill, Tylor","656731","2023",".350",".365","55.7","94.9","2126","-7.8","-15.7","16.9","20.6","84.4","2225","4.2","-40.2","5.5","14.9","87.9","1607","-14.4","-29.2","15.9","8.6","77.2","2316","8","-60","15.9",,,,,,,,,,,,,"0.2","85.9","924","-13.7","-35.5","14.3",,,,,,
"Montgomery, Jordan","656756","2023",".298",".308","10.7","93.3","2343","6.1","-15.6","17",,,,,,,"23","83.5","1675","9.2","-26.3","16","22.2","80.5","2356","-3","-48.7","7.4","42.6","93.3","2199","15.4","-20.9","18.7","1.6","88.2","2375","-2.6","-28.1","7.7",,,,,,,,,,,,
"Steele, Justin","657006","2023",".291",".290","62.6","91.8","2402","-1.3","-21.5","11","33.9","83.3","2658","-14.1","-39.9","14.4","1","87.5","1745","11","-28.2","13.5","0.7","80.7","2681","-10.6","-52.2","15.1","1.8","92.2","2396","8.3","-20.9","14.4",,,,,,,,,,,,,,,,,,
"Webb, Logan","657277","2023",".283",".295","3.7","92.6","1980","-9.8","-21.7","14.2","21.2","84.3","2559","12.3","-38","12.7","41.6","87.5","1476","-11.3","-40","12.4",,,,,,,"33.6","92.3","1874","-16","-31.3","16.2",,,,,,,,,,,,,,,,,,
"Schmidt, Clarke","657376","2023",".334",".320",,,,,,,,,,,,,"1.5","89.5","2149","-8.5","-31.3","9.2","19.1","83.7","2930","16","-46.8","17.8","23.9","93.5","2546","-9.3","-24.3","11.9","28.1","91.3","2723","3.1","-24.9","8.6",,,,,,,"27.4","86","2945","9","-32.3","10.3"
"Ryan, Joe","657746","2023",".316",".291","56.9","92.3","2216","-10.3","-17.6","18","4.5","83.2","2323","4.7","-36.1","6.6",,,,,,,,,,,,,,,,,,,,,,,,,"27.2","83.9","1439","-12.1","-36.5","12.8","11.3","79.2","2539","14","-43.1","14.3"
"Ohtani, Shohei","660271","2023",".277",".302","32.8","96.8","2260","-4.1","-15.1","14.9","0.2","85.5","2593","7.3","-45.8","11.2",,,,,,,"3.6","75.7","2459","11.8","-62.5","18.3","6","94.6","2014","-14.8","-24.9","16.1","15.9","88.5","2377","4.1","-30.5","7.3","6.5","88.6","1305","-8.1","-31","10.1","35.1","83.6","2498","16","-35.8","16.8"
"Irvin, Jake","663623","2023",".335",".345","35.6","94.5","2333","-10.5","-15.6","18.5",,,,,,,"4.9","87.7","2211","-15.8","-28.5","17.5","30.6","80.9","2407","12.5","-47","13.8","28.9","93.9","2276","-16.5","-23","18.5",,,,,,,,,,,,,,,,,,
"Sandoval, Patrick","663776","2023",".318",".333","25.5","93","1988","4.4","-14.8","17.5","26","87","2464","-6.2","-32.5","7.8","25.8","83","1780","14.2","-29.5","17.8","9","76.5","2722","-8.6","-60","15.8","11.1","93.2","1895","13.3","-17.9","19.1",,,,,,,,,,,,,"2.6","81.8","2664","-16.8","-43","17.2"
"Singer, Brady","663903","2023",".346",".340",,,,,,,"42","84","2377","3.4","-37.6","4.3","6.3","87.7","1849","-15","-28.1","17",,,,,,,"51.1","92.1","2280","-12.9","-22.6","16.3",,,,,,,,,,,,,"0.5","81.1","2255","12.9","-37.8","13.7"
"Valdez, Framber","664285","2023",".287",".320",,,,,,,,,,,,,"15.7","90.1","1676","15.5","-29.1","16.5","24.3","80.2","2846","-8.9","-57.5","17.1","46.9","95.3","2187","15.8","-20.5","18.8","13.1","85.7","2592","-2.7","-38.8","6.1",,,,,,,,,,,,
"Javier, Cristian","664299","2023",".317",".323","58.4","92.7","2255","-5.6","-13.3","19.6","30","79.5","2552","14","-41.1","14.6","4.1","83.7","2398","-15.9","-31.5","17.8","7.5","76.6","2937","12.2","-57.4","16.3",,,,,,,,,,,,,,,,,,,,,,,,
"Kremer, Dean","665152","2023",".317",".339","37.1","94.6","2304","-9.7","-13.8","19.6",,,,,,,"12.2","85.3","1715","-15.4","-32.7","16.5","8.9","78.1","2756","10.4","-55.6","15.4","14.6","91.9","2002","-16","-22.6","18.9","23.9","88.8","2435","3.8","-25.9","9.8",,,,,,,"3.3","82.8","2658","12.6","-41.5","12.9"
"Garrett, Braxton","666129","2023",".307",".328","7.5","90.8","2270","7.4","-18.2","16.9","25.9","82.8","2210","-10.3","-43.2","11","8.8","84.1","1458","14.4","-36.8","14.7","8.3","77.6","2168","-10.4","-53.4","13.3","31.7","90.5","2076","15.7","-26.2","17.6","17.7","87.5","2381","-2.2","-31.3","5.3",,,,,,,,,,,,
"Luzardo, Jesús","666200","2023",".307",".307","45.7","96.7","2240","14.1","-15.5","19.9","28.9","85.1","2320","0.1","-36.3","2.1","21","88.3","1968","16.2","-28.4","17.7",,,,,,,"4","96.5","2153","17.4","-19.6","20.1","0.4","91.4","2146","2","-25.8","7.5",,,,,,,,,,,,
"Gallen, Zac","668678","2023",".289",".314","49.3","93.6","2296","-2.9","-14.4","17.3","3.4","87.5","2433","5.5","-34.7","6.3","13.9","86.8","1517","-12.6","-32.1","13.6","22.7","82.5","2463","4","-51","11.6","0.4","92.6","2345","-10.4","-13.9","21.2","10.3","90","2343","3.5","-25.3","9.6",,,,,,,,,,,,
"Ashcraft, Graham","668933","2023",".339",".340",,,,,,,"37.4","88.3","2832","13.2","-35.4","13.5",,,,,,,,,,,,,"9.7","96.5","2340","-6.7","-21.8","10.4","52.9","95.8","2432","2.1","-22.8","7.8",,,,,,,,,,,,
"Gore, MacKenzie","669022","2023",".339",".347","59.5","95","2286","4.2","-12.9","18.1","18.2","88.6","1970","-2.5","-28.9","6.5","2.9","86.5","2175","14","-25.5","18","18.8","83.2","2311","1.2","-46.3","7.5",,,,,,,,,,,,,,,,,,,"0.6","84.6","2196","-9.2","-39.4","10.2"
"Nelson, Ryne","669194","2023",".357",".349","54.6","94.4","2210","-4.1","-12.6","18.7","12.4","81.6","2409","13.1","-42","13.6","13.3","83.3","1713","-13.9","-30.9","16.5","5.4","76.5","2486","6.6","-58.1","13.1",,,,,,,"14.4","85.5","2328","4.5","-36.2","5.2",,,,,,,,,,,,
"Burnes, Corbin","669203","2023",".266",".285",,,,,,,"8.5","86.1","2877","12.4","-35.4","12.9","11.2","89.3","2049","-13.8","-27.2","15.8","17.2","79.9","2794","10.4","-53.9","15.3","7.7","95.3","2489","-10.7","-19.1","15.5","55.4","94.4","2655","3.1","-19.2","12",,,,,,,,,,,,
"Gilbert, Logan","669302","2023",".290",".297","41.9","95.7","2000","-6.1","-12.8","18.2","29.7","88.7","2009","0.8","-34.4","2.2",,,,,,,"13.4","80.3","2324","7.1","-55.1","14.7","0.3","92.5","1705","-12.7","-19.6","18.6",,,,,,,"14.8","85.6","906","-7.3","-33.2","9.1",,,,,,
"Bieber, Shane","669456","2023",".307",".336","35.2","91.3","2242","-9.6","-15.7","19.7","20.7","84.6","2532","3.1","-37.7","4.3","3.5","87.2","1660","-14","-28.6","16.3","13.7","82.5","2239","11.6","-50.1","15.4",,,,,,,"26.9","86.5","2470","2.5","-29.2","7.8",,,,,,,,,,,,
"Kirby, George","669923","2023",".284",".305","39.4","96.1","2209","-8.3","-14.4","17.4","19.7","86.3","2335","11","-39.2","11.8","1.8","86.6","1518","-16","-31.3","17","11.5","81.8","2343","9.2","-53.9","15.8","21.6","95.8","2229","-15.8","-19.4","19",,,,,,,"6.1","84.9","799","-10.3","-37.5","11.1",,,,,,
"Oviedo, Johan","670912","2023",".319",".329","39.2","95.8","2269","-9.8","-19.5","14.3","36.7","88.2","2469","5.1","-31.7","6.6","4.1","88.1","1817","-15.4","-27.5","17.3","14.9","80.9","2388","7.1","-42.6","7.7","5","95.7","2300","-15.3","-20.9","17.9",,,,,,,,,,,,,,,,,,
"Allen, Logan","671106","2023",".326",".323","45.1","91.4","2150","4.1","-16.6","16.7","3","83.5","2222","-6.6","-37","7.4","21.2","82.7","894","2.3","-37.8","4.7",,,,,,,,,,,,,"8.7","86.4","2222","-4.1","-29.5","8.5",,,,,,,"22","78.7","2267","-15.3","-45.2","15.6"
"Detmers, Reid","672282","2023",".321",".327","43.2","94.3","2095","11","-15.1","19.4","30.9","88.9","2078","-1.3","-31.8","5","5.4","84.9","1493","12.7","-30","15.2","19.4","74.7","2414","-11.4","-64.5","18.8",,,,,,,,,,,,,,,,,,,"1.1","83.5","2478","-8","-46.8","11.2"
"Senga, Kodai","673540","2023",".282",".304","37.1","95.6","2283","-8","-13.5","18.5","5.9","84.6","2479","1.6","-36.6","4",,,,,,,"2.6","72.7","2492","3.5","-63.5","12.1",,,,,,,"24.8","90.8","2499","0.7","-23.4","10",,,,,,,"5.9","80.8","2578","12.4","-45.3","13.2"
"Strider, Spencer","675911","2023",".279",".273","58.9","97.2","2362","-6.1","-10.6","19.5","33.8","85.6","2345","5.6","-35.9","6.3","7.3","87","2257","-14.5","-23.7","19.2",,,,,,,,,,,,,,,,,,,,,,,,,,,,,,
"Miller, Bobby","676272","2023",".283",".286","28.4","99.1","2342","-8.4","-11.2","18.8","16.7","89.9","2509","4.7","-32.7","5.9","16","88.2","2290","-17.4","-26.3","19.6","18.5","80.6","2812","9.4","-56.2","16.9","19.7","98.7","2297","-13.7","-14","19.7",,,,,,,,,,,,,"0.7","85.3","2695","13.9","-35.9","14.3"
"Bibee, Tanner","676440","2023",".285",".297","47.1","94.9","2301","-4.5","-13.9","17.2","27","84.7","2794","10.4","-39.1","10.9","16.6","83.8","2048","-13.4","-25.6","19","9.3","78.4","2720","10.3","-56.5","15.8",,,,,,,,,,,,,,,,,,,,,,,,
"Sears, JP","676664","2023",".335",".330","50.3","93.1","2135","11.2","-16.9","18.5","12.3","82.1","2450","-1.5","-33.3","7.8","15.1","84.1","1716","16.7","-35.4","17.1",,,,,,,,,,,,,,,,,,,,,,,,,"22.3","81.1","2483","-9.9","-36.2","11.8"
"Crawford, Kutter","676710","2023",".290",".280","39.1","93.6","2488","-9.5","-12.4","21.3","6.1","82.8","2297","6.4","-35.3","8.9",,,,,,,"11.9","79.4","2236","7.9","-56.6","15.3",,,,,,,"28.3","88.6","2422","4.4","-25.5","10.4","7.8","82.4","1027","-8.4","-34.1","11.6","6.8","82.2","2284","12.3","-37.3","13.2"
"Bello, Brayan","678394","2023",".334",".315","20.6","95.5","2083","-10","-17","16.6","17.7","85.3","2276","3.7","-42.3","7.4","23.9","86.2","1771","-16.4","-33.8","16.9",,,,,,,"36.3","95","1974","-18","-27.9","18.3","1.5","89.2","2152","-1.4","-30.2","4.9",,,,,,,,,,,,
"Rodriguez, Grayson","680570","2023",".320",".316","49.6","97.4","2270","-11.4","-13.2","19.7","14.1","82.3","2402","11.4","-36.7","12.7","22.4","83.9","1851","-12.4","-36.1","13","8.2","79.9","2628","9.1","-55.8","15.8",,,,,,,"5.8","89.7","2255","2.4","-24.8","9.9",,,,,,,,,,,,
"Gray, Josiah","680686","2023",".332",".342","17","93.5","2128","-11.3","-15.9","19.3","24.6","85.9","1878","1","-30.9","6.5","1.6","88.6","1617","-13.4","-26.1","16.1","16.2","82.2","2380","1.7","-44.1","4.9","17.2","93.1","2120","-14.7","-18.5","19.8","17.8","88.8","2003","-0.8","-26.1","8.8",,,,,,,"5.5","81.9","2466","9","-38.9","9.7"
"Bradish, Kyle","680694","2023",".268",".300","22.4","94.5","2383","2.9","-17.8","13.2","31.2","88.1","2650","12.5","-35.4","12.8","8.4","90.8","1383","-12.2","-25.4","14.6","17.3","84.8","2615","5.5","-51","14.1","20.6","95","2217","-11.1","-18.9","16.2",,,,,,,,,,,,,,,,,,
"Miller, Bryce","682243","2023",".309",".337","58.5","95.1","2591","-3.5","-11.8","18.8","19","86.6","2416","2.1","-34.5","3.4","5.6","85","2054","-15.7","-29.4","17.9","0.9","78.2","2333","8.6","-60.1","17.5","7.6","95.1","2451","-14.1","-17.9","18.8",,,,,,,,,,,,,"8.5","81.2","2187","14.9","-47.4","16.2"
"Waldichuk, Ken","686610","2023",".361",".332","54.3","93.3","2300","10.2","-16.3","18.4",,,,,,,"16.6","84.2","1619","15.9","-33.1","16.9","2","74.5","2005","-14.1","-59.2","17.1",,,,,,,,,,,,,,,,,,,"27.1","81.1","2089","-12.9","-41.1","13.5"
"Brown, Hunter","686613","2023",".340",".318","46.1","95.7","2240","-6.1","-13.1","18","23.5","91.7","2150","3.2","-26.7","7.1",,,,,,,"23.8","82.9","2472","5.3","-54.7","15.6","0.2","96","2142","-12.7","-17.1","18.1",,,,,,,"4.8","88.2","1432","-14.2","-28.2","16.1","1.7","84.6","2323","9.8","-41.5","10.4"
"Elder, Bryce","693821","2023",".309",".329","13.3","90.7","2124","-3.9","-18.1","15.6","35.3","82.7","2414","-0.1","-41.6","3","13.7","85","2070","-11.2","-34.3","12",,,,,,,"37.7","89.5","1970","-13.2","-25.9","15.8",,,,,,,,,,,,,,,,,,